{
	"type": "minecraft:chest",
	"pools": [
		{
			"bonus_rolls": 0.0,
			"entries": [
				{
					"type": "minecraft:item",
					"name": "minecraft:blue_ice"
				},
				{
					"type": "minecraft:item",
					"name": "minecraft:snow_block",
					"weight": 4
				},
				{
					"type": "minecraft:item",
					"functions": [
						{
							"add": false,
							"count": {
								"type": "minecraft:uniform",
								"max": 7.0,
								"min": 1.0
							},
							"function": "minecraft:set_count"
						}
					],
					"name": "minecraft:potato",
					"weight": 10
				},
				{
					"type": "minecraft:item",
					"functions": [
						{
							"add": false,
							"count": {
								"type": "minecraft:uniform",
								"max": 4.0,
								"min": 1.0
							},
							"function": "minecraft:set_count"
						}
					],
					"name": "minecraft:bread",
					"weight": 10
				},
				{
					"type": "minecraft:item",
					"functions": [
						{
							"add": false,
							"count": {
								"type": "minecraft:uniform",
								"max": 5.0,
								"min": 1.0
							},
							"function": "minecraft:set_count"
						}
					],
					"name": "minecraft:beetroot_seeds",
					"weight": 10
				},
				{
					"type": "minecraft:item",
					"name": "minecraft:beetroot_soup"
				},
				{
					"type": "minecraft:item",
					"name": "minecraft:furnace"
				},
				{
					"type": "minecraft:item",
					"functions": [
						{
							"add": false,
							"count": {
								"type": "minecraft:uniform",
								"max": 4.0,
								"min": 1.0
							},
							"function": "minecraft:set_count"
						}
					],
					"name": "minecraft:emerald"
				},
				{
					"type": "minecraft:item",
					"functions": [
						{
							"add": false,
							"count": {
								"type": "minecraft:uniform",
								"max": 7.0,
								"min": 1.0
							},
							"function": "minecraft:set_count"
						}
					],
					"name": "minecraft:snowball",
					"weight": 10
				},
				{
					"type": "minecraft:item",
					"functions": [
						{
							"add": false,
							"count": {
								"type": "minecraft:uniform",
								"max": 4.0,
								"min": 1.0
							},
							"function": "minecraft:set_count"
						}
					],
					"name": "minecraft:coal",
					"weight": 5
				},
				{
					"type": "minecraft:item",
					"functions": [
						{
							"add": false,
							"count": {
								"type": "minecraft:uniform",
								"max": 6.0,
								"min": 1.0
							},
							"function": "minecraft:set_count"
						}
					],
					"name": "springnions:onion",
					"weight": 6
				},
				{
					"type": "minecraft:item",
					"functions": [
						{
							"add": false,
							"count": {
								"type": "minecraft:uniform",
								"max": 6.0,
								"min": 1.0
							},
							"function": "minecraft:set_count"
						}
					],
					"name": "springnions:soybeans",
					"weight": 6
				}
			],
			"rolls": {
				"type": "minecraft:uniform",
				"max": 8.0,
				"min": 3.0
			}
		}
	]
}
