{
	"type": "minecraft:chest",
	"pools": [
		{
			"bonus_rolls": 0.0,
			"entries": [
				{
					"type": "minecraft:item",
					"name": "minecraft:clay_ball"
				},
				{
					"type": "minecraft:item",
					"name": "minecraft:green_dye"
				},
				{
					"type": "minecraft:item",
					"functions": [
						{
							"add": false,
							"count": {
								"type": "minecraft:uniform",
								"max": 4.0,
								"min": 1.0
							},
							"function": "minecraft:set_count"
						}
					],
					"name": "minecraft:cactus",
					"weight": 10
				},
				{
					"type": "minecraft:item",
					"functions": [
						{
							"add": false,
							"count": {
								"type": "minecraft:uniform",
								"max": 7.0,
								"min": 1.0
							},
							"function": "minecraft:set_count"
						}
					],
					"name": "minecraft:wheat",
					"weight": 10
				},
				{
					"type": "minecraft:item",
					"functions": [
						{
							"add": false,
							"count": {
								"type": "minecraft:uniform",
								"max": 4.0,
								"min": 1.0
							},
							"function": "minecraft:set_count"
						}
					],
					"name": "minecraft:bread",
					"weight": 10
				},
				{
					"type": "minecraft:item",
					"name": "minecraft:book"
				},
				{
					"type": "minecraft:item",
					"functions": [
						{
							"add": false,
							"count": {
								"type": "minecraft:uniform",
								"max": 3.0,
								"min": 1.0
							},
							"function": "minecraft:set_count"
						}
					],
					"name": "minecraft:dead_bush",
					"weight": 2
				},
				{
					"type": "minecraft:item",
					"functions": [
						{
							"add": false,
							"count": {
								"type": "minecraft:uniform",
								"max": 3.0,
								"min": 1.0
							},
							"function": "minecraft:set_count"
						}
					],
					"name": "minecraft:emerald"
				},
				{
					"type": "minecraft:item",
					"functions": [
						{
							"add": false,
							"count": {
								"type": "minecraft:uniform",
								"max": 6.0,
								"min": 1.0
							},
							"function": "minecraft:set_count"
						}
					],
					"name": "springnions:onion",
					"weight": 6
				},
				{
					"type": "minecraft:item",
					"functions": [
						{
							"add": false,
							"count": {
								"type": "minecraft:uniform",
								"max": 6.0,
								"min": 1.0
							},
							"function": "minecraft:set_count"
						}
					],
					"name": "springnions:soybeans",
					"weight": 6
				}
			],
			"rolls": {
				"type": "minecraft:uniform",
				"max": 8.0,
				"min": 3.0
			}
		}
	]
}
