{
	"type": "minecraft:chest",
	"pools": [
		{
			"bonus_rolls": 0.0,
			"entries": [
				{
					"type": "minecraft:item",
					"functions": [
						{
							"add": false,
							"count": {
								"type": "minecraft:uniform",
								"max": 3.0,
								"min": 1.0
							},
							"function": "minecraft:set_count"
						}
					],
					"name": "minecraft:gold_nugget"
				},
				{
					"type": "minecraft:item",
					"name": "minecraft:grass",
					"weight": 5
				},
				{
					"type": "minecraft:item",
					"name": "minecraft:tall_grass",
					"weight": 5
				},
				{
					"type": "minecraft:item",
					"functions": [
						{
							"add": false,
							"count": {
								"type": "minecraft:uniform",
								"max": 4.0,
								"min": 1.0
							},
							"function": "minecraft:set_count"
						}
					],
					"name": "minecraft:bread",
					"weight": 10
				},
				{
					"type": "minecraft:item",
					"functions": [
						{
							"add": false,
							"count": {
								"type": "minecraft:uniform",
								"max": 5.0,
								"min": 1.0
							},
							"function": "minecraft:set_count"
						}
					],
					"name": "minecraft:wheat_seeds",
					"weight": 10
				},
				{
					"type": "minecraft:item",
					"functions": [
						{
							"add": false,
							"count": {
								"type": "minecraft:uniform",
								"max": 4.0,
								"min": 1.0
							},
							"function": "minecraft:set_count"
						}
					],
					"name": "minecraft:emerald",
					"weight": 2
				},
				{
					"type": "minecraft:item",
					"functions": [
						{
							"add": false,
							"count": {
								"type": "minecraft:uniform",
								"max": 2.0,
								"min": 1.0
							},
							"function": "minecraft:set_count"
						}
					],
					"name": "minecraft:acacia_sapling",
					"weight": 10
				},
				{
					"type": "minecraft:item",
					"name": "minecraft:saddle"
				},
				{
					"type": "minecraft:item",
					"functions": [
						{
							"add": false,
							"count": {
								"type": "minecraft:uniform",
								"max": 2.0,
								"min": 1.0
							},
							"function": "minecraft:set_count"
						}
					],
					"name": "minecraft:torch"
				},
				{
					"type": "minecraft:item",
					"name": "minecraft:bucket"
				},
				{
					"type": "minecraft:item",
					"functions": [
						{
							"add": false,
							"count": {
								"type": "minecraft:uniform",
								"max": 6.0,
								"min": 1.0
							},
							"function": "minecraft:set_count"
						}
					],
					"name": "springnions:onion",
					"weight": 6
				},
				{
					"type": "minecraft:item",
					"functions": [
						{
							"add": false,
							"count": {
								"type": "minecraft:uniform",
								"max": 6.0,
								"min": 1.0
							},
							"function": "minecraft:set_count"
						}
					],
					"name": "springnions:soybeans",
					"weight": 6
				}
			],
			"rolls": {
				"type": "minecraft:uniform",
				"max": 8.0,
				"min": 3.0
			}
		}
	]
}
