{
    "type": "minecraft:crafting_shaped",
    "pattern": [
        "iSi",
        "ETE",
        "iSi"
    ],
    "key": {
        "i": {
            "item": "minecraft:iron_ingot"
        },
        "S": {
            "item": "springnions:golden_onion"
        },
        "E": {
            "item": "springnions:onion"
        },
        "T": {
            "item": "springnions:hydrochip"
        }
    },
    "result": {
        "item": "springnions:hydrochip2",
        "count": 1
    },
    "group": "hchip"
}