{
    "type": "minecraft:crafting_shaped",
    "pattern": [
        "/Q/",
        "gSg",
        "gVg"
    ],
    "key": {
        "/": {
            "item": "minecraft:stick"
        },
        "Q": {
            "item": "minecraft:quartz"
        },
        "g": {
            "item": "minecraft:gold_ingot"
        },
        "S": {
            "item": "springnions:hydrochip3"
        },
        "V": {
            "item": "springnions:onion_shelf"
        }
    },
    "result": {
        "item": "springnions:tofu_press3",
        "count": 1
    },
    "group": "press"
}