{
  "variants": {
    "facing=north,has_item=0": { "model": "springnions:block/onion_shelf" },
    "facing=north,has_item=1": { "model": "springnions:block/onion_shelf_1" },
    "facing=north,has_item=2": { "model": "springnions:block/onion_shelf_2" },
    "facing=north,has_item=3": { "model": "springnions:block/onion_shelf_3" },
    "facing=north,has_item=4": { "model": "springnions:block/onion_shelf_4" },
    "facing=north,has_item=5": { "model": "springnions:block/onion_shelf_5" },
    "facing=north,has_item=6": { "model": "springnions:block/onion_shelf_6" },
    "facing=north,has_item=7": { "model": "springnions:block/onion_shelf_7" },
    "facing=north,has_item=8": { "model": "springnions:block/onion_shelf_8" },
    "facing=south,has_item=0": { "model": "springnions:block/onion_shelf", "y":  180},
    "facing=south,has_item=1": { "model": "springnions:block/onion_shelf_1", "y":  180},
    "facing=south,has_item=2": { "model": "springnions:block/onion_shelf_2", "y":  180},
    "facing=south,has_item=3": { "model": "springnions:block/onion_shelf_3", "y":  180},
    "facing=south,has_item=4": { "model": "springnions:block/onion_shelf_4", "y":  180},
    "facing=south,has_item=5": { "model": "springnions:block/onion_shelf_5", "y":  180},
    "facing=south,has_item=6": { "model": "springnions:block/onion_shelf_6", "y":  180},
    "facing=south,has_item=7": { "model": "springnions:block/onion_shelf_7", "y":  180},
    "facing=south,has_item=8": { "model": "springnions:block/onion_shelf_8", "y":  180},
    "facing=west,has_item=0": { "model": "springnions:block/onion_shelf", "y":  270},
    "facing=west,has_item=1": { "model": "springnions:block/onion_shelf_1", "y":  270},
    "facing=west,has_item=2": { "model": "springnions:block/onion_shelf_2", "y":  270},
    "facing=west,has_item=3": { "model": "springnions:block/onion_shelf_3", "y":  270},
    "facing=west,has_item=4": { "model": "springnions:block/onion_shelf_4", "y":  270},
    "facing=west,has_item=5": { "model": "springnions:block/onion_shelf_5", "y":  270},
    "facing=west,has_item=6": { "model": "springnions:block/onion_shelf_6", "y":  270},
    "facing=west,has_item=7": { "model": "springnions:block/onion_shelf_7", "y":  270},
    "facing=west,has_item=8": { "model": "springnions:block/onion_shelf_8", "y":  270},
    "facing=east,has_item=0": { "model": "springnions:block/onion_shelf", "y":  90},
    "facing=east,has_item=1": { "model": "springnions:block/onion_shelf_1", "y":  90},
    "facing=east,has_item=2": { "model": "springnions:block/onion_shelf_2", "y":  90},
    "facing=east,has_item=3": { "model": "springnions:block/onion_shelf_3", "y":  90},
    "facing=east,has_item=4": { "model": "springnions:block/onion_shelf_4", "y":  90},
    "facing=east,has_item=5": { "model": "springnions:block/onion_shelf_5", "y":  90},
    "facing=east,has_item=6": { "model": "springnions:block/onion_shelf_6", "y":  90},
    "facing=east,has_item=7": { "model": "springnions:block/onion_shelf_7", "y":  90},
    "facing=east,has_item=8": { "model": "springnions:block/onion_shelf_8", "y":  90}
  }
}