{
	"credit": "Made with Blockbench",
	"textures": {
		"0": "springnions:block/onioncrop",
		"particle": "springnions:block/onioncrop"
	},
	"elements": [
		{
			"from": [6, 0, 8.75],
			"to": [10, 1.25, 11.5],
			"faces": {
				"north": {"uv": [1, 10, 3, 14], "rotation": 270, "texture": "#0"},
				"east": {"uv": [1, 10, 3, 14], "rotation": 270, "texture": "#0"},
				"south": {"uv": [1, 10, 3, 14], "rotation": 270, "texture": "#0"},
				"west": {"uv": [1, 10, 3, 14], "rotation": 270, "texture": "#0"},
				"up": {"uv": [1, 10, 3, 14], "rotation": 270, "texture": "#0"},
				"down": {"uv": [1, 10, 3, 14], "rotation": 270, "texture": "#0"}
			}
		},
		{
			"from": [6.75, 0, 8],
			"to": [9, 2.25, 12.25],
			"faces": {
				"north": {"uv": [1, 10, 3, 14], "texture": "#0"},
				"east": {"uv": [1, 10, 3, 14], "texture": "#0"},
				"south": {"uv": [1, 10, 3, 14], "texture": "#0"},
				"west": {"uv": [1, 10, 3, 14], "texture": "#0"},
				"up": {"uv": [1, 10, 3, 14], "texture": "#0"},
				"down": {"uv": [1, 10, 3, 14], "texture": "#0"}
			}
		},
		{
			"from": [2.75, 0, 2],
			"to": [5, 0.5, 6.25],
			"faces": {
				"north": {"uv": [1, 12, 3, 16], "texture": "#0"},
				"east": {"uv": [1, 12, 3, 16], "texture": "#0"},
				"south": {"uv": [1, 12, 3, 16], "texture": "#0"},
				"west": {"uv": [1, 12, 3, 16], "texture": "#0"},
				"up": {"uv": [1, 12, 3, 16], "texture": "#0"},
				"down": {"uv": [1, 12, 3, 16], "texture": "#0"}
			}
		},
		{
			"from": [2, 0, 2.75],
			"to": [6, 0.85, 5.5],
			"faces": {
				"north": {"uv": [1, 12, 3, 16], "rotation": 270, "texture": "#0"},
				"east": {"uv": [1, 12, 3, 16], "rotation": 270, "texture": "#0"},
				"south": {"uv": [1, 12, 3, 16], "rotation": 270, "texture": "#0"},
				"west": {"uv": [1, 12, 3, 16], "rotation": 270, "texture": "#0"},
				"up": {"uv": [1, 12, 3, 16], "rotation": 270, "texture": "#0"},
				"down": {"uv": [1, 12, 3, 16], "rotation": 270, "texture": "#0"}
			}
		},
		{
			"from": [11, 0, 2.75],
			"to": [15, 0.25, 5.5],
			"faces": {
				"north": {"uv": [1, 12, 3, 16], "rotation": 270, "texture": "#0"},
				"east": {"uv": [1, 12, 3, 16], "rotation": 270, "texture": "#0"},
				"south": {"uv": [1, 12, 3, 16], "rotation": 270, "texture": "#0"},
				"west": {"uv": [1, 12, 3, 16], "rotation": 270, "texture": "#0"},
				"up": {"uv": [1, 12, 3, 16], "rotation": 270, "texture": "#0"},
				"down": {"uv": [1, 12, 3, 16], "rotation": 270, "texture": "#0"}
			}
		},
		{
			"from": [11.75, 0, 2],
			"to": [14, 0.5, 6.25],
			"faces": {
				"north": {"uv": [1, 12, 3, 16], "texture": "#0"},
				"east": {"uv": [1, 12, 3, 16], "texture": "#0"},
				"south": {"uv": [1, 12, 3, 16], "texture": "#0"},
				"west": {"uv": [1, 12, 3, 16], "texture": "#0"},
				"up": {"uv": [1, 12, 3, 16], "texture": "#0"},
				"down": {"uv": [1, 12, 3, 16], "texture": "#0"}
			}
		},
		{
			"from": [1, 0, 8.75],
			"to": [5, 0.25, 11.5],
			"faces": {
				"north": {"uv": [1, 12, 3, 16], "rotation": 270, "texture": "#0"},
				"east": {"uv": [1, 12, 3, 16], "rotation": 270, "texture": "#0"},
				"south": {"uv": [1, 12, 3, 16], "rotation": 270, "texture": "#0"},
				"west": {"uv": [1, 12, 3, 16], "rotation": 270, "texture": "#0"},
				"up": {"uv": [1, 12, 3, 16], "rotation": 270, "texture": "#0"},
				"down": {"uv": [1, 12, 3, 16], "rotation": 270, "texture": "#0"}
			}
		},
		{
			"from": [1.75, 0, 8],
			"to": [4, 0.5, 12.25],
			"faces": {
				"north": {"uv": [1, 12, 3, 16], "texture": "#0"},
				"east": {"uv": [1, 12, 3, 16], "texture": "#0"},
				"south": {"uv": [1, 12, 3, 16], "texture": "#0"},
				"west": {"uv": [1, 12, 3, 16], "texture": "#0"},
				"up": {"uv": [1, 12, 3, 16], "texture": "#0"},
				"down": {"uv": [1, 12, 3, 16], "texture": "#0"}
			}
		},
		{
			"from": [10, 0, 10.75],
			"to": [14, 0.25, 13.5],
			"faces": {
				"north": {"uv": [1, 12, 3, 16], "rotation": 270, "texture": "#0"},
				"east": {"uv": [1, 12, 3, 16], "rotation": 270, "texture": "#0"},
				"south": {"uv": [1, 12, 3, 16], "rotation": 270, "texture": "#0"},
				"west": {"uv": [1, 12, 3, 16], "rotation": 270, "texture": "#0"},
				"up": {"uv": [1, 12, 3, 16], "rotation": 270, "texture": "#0"},
				"down": {"uv": [1, 12, 3, 16], "rotation": 270, "texture": "#0"}
			}
		},
		{
			"from": [10.75, 0, 10],
			"to": [13, 1, 14.25],
			"faces": {
				"north": {"uv": [1, 12, 3, 16], "texture": "#0"},
				"east": {"uv": [1, 12, 3, 16], "texture": "#0"},
				"south": {"uv": [1, 12, 3, 16], "texture": "#0"},
				"west": {"uv": [1, 12, 3, 16], "texture": "#0"},
				"up": {"uv": [1, 12, 3, 16], "texture": "#0"},
				"down": {"uv": [1, 12, 3, 16], "texture": "#0"}
			}
		},
		{
			"from": [13, 0, 0],
			"to": [14, 4.75, 1],
			"rotation": {"angle": -22.5, "axis": "y", "origin": [2.25, 0, 1.75]},
			"faces": {
				"north": {"uv": [0, 12, 0.5, 15.75], "texture": "#0"},
				"east": {"uv": [0, 12, 0.5, 15.75], "texture": "#0"},
				"south": {"uv": [0, 12, 0.5, 15.75], "texture": "#0"},
				"west": {"uv": [0, 12, 0.5, 15.75], "texture": "#0"},
				"up": {"uv": [0, 12, 0.5, 15.75], "texture": "#0"},
				"down": {"uv": [0, 12, 0.5, 15.75], "texture": "#0"}
			}
		},
		{
			"from": [13.25, 0, 0.25],
			"to": [13.75, 12.75, 0.75],
			"rotation": {"angle": -22.5, "axis": "y", "origin": [2.25, 0, 1.75]},
			"faces": {
				"north": {"uv": [0, 12, 0.5, 15.75], "texture": "#0"},
				"east": {"uv": [0, 12, 0.5, 15.75], "texture": "#0"},
				"south": {"uv": [0, 12, 0.5, 15.75], "texture": "#0"},
				"west": {"uv": [0, 12, 0.5, 15.75], "texture": "#0"},
				"up": {"uv": [0, 12, 0.5, 15.75], "texture": "#0"},
				"down": {"uv": [0, 12, 0.5, 15.75], "texture": "#0"}
			}
		},
		{
			"from": [7, 0, 7],
			"to": [7.5, 16, 7.5],
			"faces": {
				"north": {"uv": [0, 12, 0.5, 14], "texture": "#0"},
				"east": {"uv": [0, 12, 0.5, 14], "texture": "#0"},
				"south": {"uv": [0, 12, 0.5, 14], "texture": "#0"},
				"west": {"uv": [0, 12, 0.5, 14], "texture": "#0"},
				"up": {"uv": [0, 12, 0.5, 14], "texture": "#0"},
				"down": {"uv": [0, 12, 0.5, 14], "texture": "#0"}
			}
		},
		{
			"from": [6.25, 0, 9],
			"to": [6.75, 13.75, 9.5],
			"faces": {
				"north": {"uv": [0, 12, 0.5, 11.75], "texture": "#0"},
				"east": {"uv": [0, 12, 0.5, 11.75], "texture": "#0"},
				"south": {"uv": [0, 12, 0.5, 11.75], "texture": "#0"},
				"west": {"uv": [0, 12, 0.5, 11.75], "texture": "#0"},
				"up": {"uv": [0, 12, 0.5, 11.75], "texture": "#0"},
				"down": {"uv": [0, 12, 0.5, 11.75], "texture": "#0"}
			}
		},
		{
			"from": [4, 0, 11],
			"to": [4.5, 13.75, 11.5],
			"rotation": {"angle": 22.5, "axis": "y", "origin": [0, 0, 0]},
			"faces": {
				"north": {"uv": [0, 12, 0.5, 11.75], "texture": "#0"},
				"east": {"uv": [0, 12, 0.5, 11.75], "texture": "#0"},
				"south": {"uv": [0, 12, 0.5, 11.75], "texture": "#0"},
				"west": {"uv": [0, 12, 0.5, 11.75], "texture": "#0"},
				"up": {"uv": [0, 12, 0.5, 11.75], "texture": "#0"},
				"down": {"uv": [0, 12, 0.5, 11.75], "texture": "#0"}
			}
		},
		{
			"from": [4.75, 0, 9],
			"to": [5.25, 14, 9.5],
			"rotation": {"angle": 22.5, "axis": "y", "origin": [0, 0, 0]},
			"faces": {
				"north": {"uv": [0, 12, 0.5, 14], "texture": "#0"},
				"east": {"uv": [0, 12, 0.5, 14], "texture": "#0"},
				"south": {"uv": [0, 12, 0.5, 14], "texture": "#0"},
				"west": {"uv": [0, 12, 0.5, 14], "texture": "#0"},
				"up": {"uv": [0, 12, 0.5, 14], "texture": "#0"},
				"down": {"uv": [0, 12, 0.5, 14], "texture": "#0"}
			}
		},
		{
			"from": [8.25, 0, 7.75],
			"to": [8.75, 14, 8.25],
			"rotation": {"angle": 0, "axis": "y", "origin": [1.25, 0, 0.75]},
			"faces": {
				"north": {"uv": [0, 12, 0.5, 14], "texture": "#0"},
				"east": {"uv": [0, 12, 0.5, 14], "texture": "#0"},
				"south": {"uv": [0, 12, 0.5, 14], "texture": "#0"},
				"west": {"uv": [0, 12, 0.5, 14], "texture": "#0"},
				"up": {"uv": [0, 12, 0.5, 14], "texture": "#0"},
				"down": {"uv": [0, 12, 0.5, 14], "texture": "#0"}
			}
		},
		{
			"from": [7.5, 0, 9.75],
			"to": [8, 12.75, 10.25],
			"rotation": {"angle": 0, "axis": "y", "origin": [1.25, 0, 0.75]},
			"faces": {
				"north": {"uv": [0, 12, 0.5, 15.75], "texture": "#0"},
				"east": {"uv": [0, 12, 0.5, 15.75], "texture": "#0"},
				"south": {"uv": [0, 12, 0.5, 15.75], "texture": "#0"},
				"west": {"uv": [0, 12, 0.5, 15.75], "texture": "#0"},
				"up": {"uv": [0, 12, 0.5, 15.75], "texture": "#0"},
				"down": {"uv": [0, 12, 0.5, 15.75], "texture": "#0"}
			}
		},
		{
			"from": [10.5, 0, 9.75],
			"to": [11, 13.75, 10.25],
			"rotation": {"angle": 0, "axis": "y", "origin": [1.25, 0, 0.75]},
			"faces": {
				"north": {"uv": [0, 12, 0.5, 15.75], "texture": "#0"},
				"east": {"uv": [0, 12, 0.5, 15.75], "texture": "#0"},
				"south": {"uv": [0, 12, 0.5, 15.75], "texture": "#0"},
				"west": {"uv": [0, 12, 0.5, 15.75], "texture": "#0"},
				"up": {"uv": [0, 12, 0.5, 15.75], "texture": "#0"},
				"down": {"uv": [0, 12, 0.5, 15.75], "texture": "#0"}
			}
		},
		{
			"from": [10.5, 0, 4.75],
			"to": [11, 13.75, 5.25],
			"rotation": {"angle": 0, "axis": "y", "origin": [1.25, 0, 0.75]},
			"faces": {
				"north": {"uv": [0, 12, 0.5, 15.75], "texture": "#0"},
				"east": {"uv": [0, 12, 0.5, 15.75], "texture": "#0"},
				"south": {"uv": [0, 12, 0.5, 15.75], "texture": "#0"},
				"west": {"uv": [0, 12, 0.5, 15.75], "texture": "#0"},
				"up": {"uv": [0, 12, 0.5, 15.75], "texture": "#0"},
				"down": {"uv": [0, 12, 0.5, 15.75], "texture": "#0"}
			}
		},
		{
			"from": [4.5, 0, 6.5],
			"to": [5, 13.75, 7],
			"rotation": {"angle": 0, "axis": "y", "origin": [2.25, 0, 1.75]},
			"faces": {
				"north": {"uv": [0, 12, 0.5, 15.75], "texture": "#0"},
				"east": {"uv": [0, 12, 0.5, 15.75], "texture": "#0"},
				"south": {"uv": [0, 12, 0.5, 15.75], "texture": "#0"},
				"west": {"uv": [0, 12, 0.5, 15.75], "texture": "#0"},
				"up": {"uv": [0, 12, 0.5, 15.75], "texture": "#0"},
				"down": {"uv": [0, 12, 0.5, 15.75], "texture": "#0"}
			}
		},
		{
			"from": [7.25, 0, 4.25],
			"to": [7.75, 12.75, 4.75],
			"rotation": {"angle": -22.5, "axis": "y", "origin": [2.25, 0, 1.75]},
			"faces": {
				"north": {"uv": [0, 12, 0.5, 15.75], "texture": "#0"},
				"east": {"uv": [0, 12, 0.5, 15.75], "texture": "#0"},
				"south": {"uv": [0, 12, 0.5, 15.75], "texture": "#0"},
				"west": {"uv": [0, 12, 0.5, 15.75], "texture": "#0"},
				"up": {"uv": [0, 12, 0.5, 15.75], "texture": "#0"},
				"down": {"uv": [0, 12, 0.5, 15.75], "texture": "#0"}
			}
		},
		{
			"from": [7.5, 0, 4.5],
			"to": [8, 13.75, 5],
			"rotation": {"angle": 0, "axis": "y", "origin": [5.25, 0, -0.25]},
			"faces": {
				"north": {"uv": [0, 12, 0.5, 15.75], "texture": "#0"},
				"east": {"uv": [0, 12, 0.5, 15.75], "texture": "#0"},
				"south": {"uv": [0, 12, 0.5, 15.75], "texture": "#0"},
				"west": {"uv": [0, 12, 0.5, 15.75], "texture": "#0"},
				"up": {"uv": [0, 12, 0.5, 15.75], "texture": "#0"},
				"down": {"uv": [0, 12, 0.5, 15.75], "texture": "#0"}
			}
		},
		{
			"from": [10.25, 0, 2.25],
			"to": [10.75, 12.75, 2.75],
			"rotation": {"angle": -22.5, "axis": "y", "origin": [5.25, 0, -0.25]},
			"faces": {
				"north": {"uv": [0, 12, 0.5, 15.75], "texture": "#0"},
				"east": {"uv": [0, 12, 0.5, 15.75], "texture": "#0"},
				"south": {"uv": [0, 12, 0.5, 15.75], "texture": "#0"},
				"west": {"uv": [0, 12, 0.5, 15.75], "texture": "#0"},
				"up": {"uv": [0, 12, 0.5, 15.75], "texture": "#0"},
				"down": {"uv": [0, 12, 0.5, 15.75], "texture": "#0"}
			}
		},
		{
			"from": [7.5, 0, 10.5],
			"to": [8, 13.75, 11],
			"rotation": {"angle": 0, "axis": "y", "origin": [5.25, 0, 5.75]},
			"faces": {
				"north": {"uv": [0, 12, 0.5, 15.75], "texture": "#0"},
				"east": {"uv": [0, 12, 0.5, 15.75], "texture": "#0"},
				"south": {"uv": [0, 12, 0.5, 15.75], "texture": "#0"},
				"west": {"uv": [0, 12, 0.5, 15.75], "texture": "#0"},
				"up": {"uv": [0, 12, 0.5, 15.75], "texture": "#0"},
				"down": {"uv": [0, 12, 0.5, 15.75], "texture": "#0"}
			}
		},
		{
			"from": [10.25, 0, 8.25],
			"to": [10.75, 12.75, 8.75],
			"rotation": {"angle": -22.5, "axis": "y", "origin": [5.25, 0, 5.75]},
			"faces": {
				"north": {"uv": [0, 12, 0.5, 15.75], "texture": "#0"},
				"east": {"uv": [0, 12, 0.5, 15.75], "texture": "#0"},
				"south": {"uv": [0, 12, 0.5, 15.75], "texture": "#0"},
				"west": {"uv": [0, 12, 0.5, 15.75], "texture": "#0"},
				"up": {"uv": [0, 12, 0.5, 15.75], "texture": "#0"},
				"down": {"uv": [0, 12, 0.5, 15.75], "texture": "#0"}
			}
		},
		{
			"from": [12.25, 0, 4.25],
			"to": [12.75, 12.75, 4.75],
			"rotation": {"angle": -22.5, "axis": "y", "origin": [7.25, 0, 1.75]},
			"faces": {
				"north": {"uv": [0, 12, 0.5, 15.75], "texture": "#0"},
				"east": {"uv": [0, 12, 0.5, 15.75], "texture": "#0"},
				"south": {"uv": [0, 12, 0.5, 15.75], "texture": "#0"},
				"west": {"uv": [0, 12, 0.5, 15.75], "texture": "#0"},
				"up": {"uv": [0, 12, 0.5, 15.75], "texture": "#0"},
				"down": {"uv": [0, 12, 0.5, 15.75], "texture": "#0"}
			}
		},
		{
			"from": [9.5, 0, 6.5],
			"to": [10, 13.75, 7],
			"rotation": {"angle": 0, "axis": "y", "origin": [7.25, 0, 1.75]},
			"faces": {
				"north": {"uv": [0, 12, 0.5, 15.75], "texture": "#0"},
				"east": {"uv": [0, 12, 0.5, 15.75], "texture": "#0"},
				"south": {"uv": [0, 12, 0.5, 15.75], "texture": "#0"},
				"west": {"uv": [0, 12, 0.5, 15.75], "texture": "#0"},
				"up": {"uv": [0, 12, 0.5, 15.75], "texture": "#0"},
				"down": {"uv": [0, 12, 0.5, 15.75], "texture": "#0"}
			}
		},
		{
			"from": [5.25, 0, 11.75],
			"to": [5.75, 11.75, 12.25],
			"rotation": {"angle": 22.5, "axis": "y", "origin": [1.25, 0, 0.75]},
			"faces": {
				"north": {"uv": [0, 12, 0.5, 15.75], "texture": "#0"},
				"east": {"uv": [0, 12, 0.5, 15.75], "texture": "#0"},
				"south": {"uv": [0, 12, 0.5, 15.75], "texture": "#0"},
				"west": {"uv": [0, 12, 0.5, 15.75], "texture": "#0"},
				"up": {"uv": [0, 12, 0.5, 15.75], "texture": "#0"},
				"down": {"uv": [0, 12, 0.5, 15.75], "texture": "#0"}
			}
		},
		{
			"from": [6, 0, 9.75],
			"to": [6.5, 15, 10.25],
			"rotation": {"angle": 22.5, "axis": "y", "origin": [1.25, 0, 0.75]},
			"faces": {
				"north": {"uv": [0, 12, 0.5, 14], "texture": "#0"},
				"east": {"uv": [0, 12, 0.5, 14], "texture": "#0"},
				"south": {"uv": [0, 12, 0.5, 14], "texture": "#0"},
				"west": {"uv": [0, 12, 0.5, 14], "texture": "#0"},
				"up": {"uv": [0, 12, 0.5, 14], "texture": "#0"},
				"down": {"uv": [0, 12, 0.5, 14], "texture": "#0"}
			}
		},
		{
			"from": [7, 0, 8],
			"to": [9, 1, 10],
			"faces": {
				"north": {"uv": [0, 16, 2, 16], "texture": "#0"},
				"east": {"uv": [0, 16, 2, 16], "texture": "#0"},
				"south": {"uv": [0, 16, 2, 16], "texture": "#0"},
				"west": {"uv": [0, 16, 2, 16], "texture": "#0"},
				"up": {"uv": [0, 16, 2, 16], "texture": "#0"},
				"down": {"uv": [0, 16, 2, 16], "texture": "#0"}
			}
		},
		{
			"from": [5.75, 0, 9.5],
			"to": [6.75, 7, 10.5],
			"rotation": {"angle": 22.5, "axis": "y", "origin": [1.25, 0, 0.75]},
			"faces": {
				"north": {"uv": [0, 12, 0.5, 14], "texture": "#0"},
				"east": {"uv": [0, 12, 0.5, 14], "texture": "#0"},
				"south": {"uv": [0, 12, 0.5, 14], "texture": "#0"},
				"west": {"uv": [0, 12, 0.5, 14], "texture": "#0"},
				"up": {"uv": [0, 12, 0.5, 14], "texture": "#0"},
				"down": {"uv": [0, 12, 0.5, 14], "texture": "#0"}
			}
		},
		{
			"from": [5, 0, 11.5],
			"to": [6, 3.75, 12.5],
			"rotation": {"angle": 22.5, "axis": "y", "origin": [1.25, 0, 0.75]},
			"faces": {
				"north": {"uv": [0, 12, 0.5, 15.75], "texture": "#0"},
				"east": {"uv": [0, 12, 0.5, 15.75], "texture": "#0"},
				"south": {"uv": [0, 12, 0.5, 15.75], "texture": "#0"},
				"west": {"uv": [0, 12, 0.5, 15.75], "texture": "#0"},
				"up": {"uv": [0, 12, 0.5, 15.75], "texture": "#0"},
				"down": {"uv": [0, 12, 0.5, 15.75], "texture": "#0"}
			}
		},
		{
			"from": [9.25, 0, 6.25],
			"to": [10.25, 5.75, 7.25],
			"rotation": {"angle": 0, "axis": "y", "origin": [7.25, 0, 1.75]},
			"faces": {
				"north": {"uv": [0, 12, 0.5, 15.75], "texture": "#0"},
				"east": {"uv": [0, 12, 0.5, 15.75], "texture": "#0"},
				"south": {"uv": [0, 12, 0.5, 15.75], "texture": "#0"},
				"west": {"uv": [0, 12, 0.5, 15.75], "texture": "#0"},
				"up": {"uv": [0, 12, 0.5, 15.75], "texture": "#0"},
				"down": {"uv": [0, 12, 0.5, 15.75], "texture": "#0"}
			}
		},
		{
			"from": [12, 0, 4],
			"to": [13, 4.75, 5],
			"rotation": {"angle": -22.5, "axis": "y", "origin": [7.25, 0, 1.75]},
			"faces": {
				"north": {"uv": [0, 12, 0.5, 15.75], "texture": "#0"},
				"east": {"uv": [0, 12, 0.5, 15.75], "texture": "#0"},
				"south": {"uv": [0, 12, 0.5, 15.75], "texture": "#0"},
				"west": {"uv": [0, 12, 0.5, 15.75], "texture": "#0"},
				"up": {"uv": [0, 12, 0.5, 15.75], "texture": "#0"},
				"down": {"uv": [0, 12, 0.5, 15.75], "texture": "#0"}
			}
		},
		{
			"from": [10, 0, 8],
			"to": [11, 4.75, 9],
			"rotation": {"angle": -22.5, "axis": "y", "origin": [5.25, 0, 5.75]},
			"faces": {
				"north": {"uv": [0, 12, 0.5, 15.75], "texture": "#0"},
				"east": {"uv": [0, 12, 0.5, 15.75], "texture": "#0"},
				"south": {"uv": [0, 12, 0.5, 15.75], "texture": "#0"},
				"west": {"uv": [0, 12, 0.5, 15.75], "texture": "#0"},
				"up": {"uv": [0, 12, 0.5, 15.75], "texture": "#0"},
				"down": {"uv": [0, 12, 0.5, 15.75], "texture": "#0"}
			}
		},
		{
			"from": [7.25, 0, 10.25],
			"to": [8.25, 5.75, 11.25],
			"rotation": {"angle": 0, "axis": "y", "origin": [5.25, 0, 5.75]},
			"faces": {
				"north": {"uv": [0, 12, 0.5, 15.75], "texture": "#0"},
				"east": {"uv": [0, 12, 0.5, 15.75], "texture": "#0"},
				"south": {"uv": [0, 12, 0.5, 15.75], "texture": "#0"},
				"west": {"uv": [0, 12, 0.5, 15.75], "texture": "#0"},
				"up": {"uv": [0, 12, 0.5, 15.75], "texture": "#0"},
				"down": {"uv": [0, 12, 0.5, 15.75], "texture": "#0"}
			}
		},
		{
			"from": [10, 0, 2],
			"to": [11, 4.75, 3],
			"rotation": {"angle": -22.5, "axis": "y", "origin": [5.25, 0, -0.25]},
			"faces": {
				"north": {"uv": [0, 12, 0.5, 15.75], "texture": "#0"},
				"east": {"uv": [0, 12, 0.5, 15.75], "texture": "#0"},
				"south": {"uv": [0, 12, 0.5, 15.75], "texture": "#0"},
				"west": {"uv": [0, 12, 0.5, 15.75], "texture": "#0"},
				"up": {"uv": [0, 12, 0.5, 15.75], "texture": "#0"},
				"down": {"uv": [0, 12, 0.5, 15.75], "texture": "#0"}
			}
		},
		{
			"from": [7.25, 0, 4.25],
			"to": [8.25, 5.75, 5.25],
			"rotation": {"angle": 0, "axis": "y", "origin": [5.25, 0, -0.25]},
			"faces": {
				"north": {"uv": [0, 12, 0.5, 15.75], "texture": "#0"},
				"east": {"uv": [0, 12, 0.5, 15.75], "texture": "#0"},
				"south": {"uv": [0, 12, 0.5, 15.75], "texture": "#0"},
				"west": {"uv": [0, 12, 0.5, 15.75], "texture": "#0"},
				"up": {"uv": [0, 12, 0.5, 15.75], "texture": "#0"},
				"down": {"uv": [0, 12, 0.5, 15.75], "texture": "#0"}
			}
		},
		{
			"from": [7, 0, 4],
			"to": [8, 4.75, 5],
			"rotation": {"angle": -22.5, "axis": "y", "origin": [2.25, 0, 1.75]},
			"faces": {
				"north": {"uv": [0, 12, 0.5, 15.75], "texture": "#0"},
				"east": {"uv": [0, 12, 0.5, 15.75], "texture": "#0"},
				"south": {"uv": [0, 12, 0.5, 15.75], "texture": "#0"},
				"west": {"uv": [0, 12, 0.5, 15.75], "texture": "#0"},
				"up": {"uv": [0, 12, 0.5, 15.75], "texture": "#0"},
				"down": {"uv": [0, 12, 0.5, 15.75], "texture": "#0"}
			}
		},
		{
			"from": [4.25, 0, 6.25],
			"to": [5.25, 5.75, 7.25],
			"rotation": {"angle": 0, "axis": "y", "origin": [2.25, 0, 1.75]},
			"faces": {
				"north": {"uv": [0, 12, 0.5, 15.75], "texture": "#0"},
				"east": {"uv": [0, 12, 0.5, 15.75], "texture": "#0"},
				"south": {"uv": [0, 12, 0.5, 15.75], "texture": "#0"},
				"west": {"uv": [0, 12, 0.5, 15.75], "texture": "#0"},
				"up": {"uv": [0, 12, 0.5, 15.75], "texture": "#0"},
				"down": {"uv": [0, 12, 0.5, 15.75], "texture": "#0"}
			}
		},
		{
			"from": [10.25, 0, 4.5],
			"to": [11.25, 5.75, 5.5],
			"rotation": {"angle": 0, "axis": "y", "origin": [1.25, 0, 0.75]},
			"faces": {
				"north": {"uv": [0, 12, 0.5, 15.75], "texture": "#0"},
				"east": {"uv": [0, 12, 0.5, 15.75], "texture": "#0"},
				"south": {"uv": [0, 12, 0.5, 15.75], "texture": "#0"},
				"west": {"uv": [0, 12, 0.5, 15.75], "texture": "#0"},
				"up": {"uv": [0, 12, 0.5, 15.75], "texture": "#0"},
				"down": {"uv": [0, 12, 0.5, 15.75], "texture": "#0"}
			}
		},
		{
			"from": [10.25, 0, 9.5],
			"to": [11.25, 5.75, 10.5],
			"rotation": {"angle": 0, "axis": "y", "origin": [1.25, 0, 0.75]},
			"faces": {
				"north": {"uv": [0, 12, 0.5, 15.75], "texture": "#0"},
				"east": {"uv": [0, 12, 0.5, 15.75], "texture": "#0"},
				"south": {"uv": [0, 12, 0.5, 15.75], "texture": "#0"},
				"west": {"uv": [0, 12, 0.5, 15.75], "texture": "#0"},
				"up": {"uv": [0, 12, 0.5, 15.75], "texture": "#0"},
				"down": {"uv": [0, 12, 0.5, 15.75], "texture": "#0"}
			}
		},
		{
			"from": [7.25, 0, 9.5],
			"to": [8.25, 4.75, 10.5],
			"rotation": {"angle": 0, "axis": "y", "origin": [1.25, 0, 0.75]},
			"faces": {
				"north": {"uv": [0, 12, 0.5, 15.75], "texture": "#0"},
				"east": {"uv": [0, 12, 0.5, 15.75], "texture": "#0"},
				"south": {"uv": [0, 12, 0.5, 15.75], "texture": "#0"},
				"west": {"uv": [0, 12, 0.5, 15.75], "texture": "#0"},
				"up": {"uv": [0, 12, 0.5, 15.75], "texture": "#0"},
				"down": {"uv": [0, 12, 0.5, 15.75], "texture": "#0"}
			}
		},
		{
			"from": [8, 0, 7.5],
			"to": [9, 6, 8.5],
			"rotation": {"angle": 0, "axis": "y", "origin": [1.25, 0, 0.75]},
			"faces": {
				"north": {"uv": [0, 12, 0.5, 14], "texture": "#0"},
				"east": {"uv": [0, 12, 0.5, 14], "texture": "#0"},
				"south": {"uv": [0, 12, 0.5, 14], "texture": "#0"},
				"west": {"uv": [0, 12, 0.5, 14], "texture": "#0"},
				"up": {"uv": [0, 12, 0.5, 14], "texture": "#0"},
				"down": {"uv": [0, 12, 0.5, 14], "texture": "#0"}
			}
		},
		{
			"from": [4.5, 0, 8.75],
			"to": [5.5, 6, 9.75],
			"rotation": {"angle": 22.5, "axis": "y", "origin": [0, 0, 0]},
			"faces": {
				"north": {"uv": [0, 12, 0.5, 14], "texture": "#0"},
				"east": {"uv": [0, 12, 0.5, 14], "texture": "#0"},
				"south": {"uv": [0, 12, 0.5, 14], "texture": "#0"},
				"west": {"uv": [0, 12, 0.5, 14], "texture": "#0"},
				"up": {"uv": [0, 12, 0.5, 14], "texture": "#0"},
				"down": {"uv": [0, 12, 0.5, 14], "texture": "#0"}
			}
		},
		{
			"from": [3.75, 0, 10.75],
			"to": [4.75, 5.75, 11.75],
			"rotation": {"angle": 22.5, "axis": "y", "origin": [0, 0, 0]},
			"faces": {
				"north": {"uv": [0, 12, 0.5, 11.75], "texture": "#0"},
				"east": {"uv": [0, 12, 0.5, 11.75], "texture": "#0"},
				"south": {"uv": [0, 12, 0.5, 11.75], "texture": "#0"},
				"west": {"uv": [0, 12, 0.5, 11.75], "texture": "#0"},
				"up": {"uv": [0, 12, 0.5, 11.75], "texture": "#0"},
				"down": {"uv": [0, 12, 0.5, 11.75], "texture": "#0"}
			}
		},
		{
			"from": [5.75, 0, 8.75],
			"to": [7, 5.75, 9.75],
			"faces": {
				"north": {"uv": [0, 12, 0.5, 11.75], "texture": "#0"},
				"east": {"uv": [0, 12, 0.5, 11.75], "texture": "#0"},
				"south": {"uv": [0, 12, 0.5, 11.75], "texture": "#0"},
				"west": {"uv": [0, 12, 0.5, 11.75], "texture": "#0"},
				"up": {"uv": [0, 12, 0.5, 11.75], "texture": "#0"},
				"down": {"uv": [0, 12, 0.5, 11.75], "texture": "#0"}
			}
		},
		{
			"from": [6.75, 0, 6.75],
			"to": [7.75, 8, 7.75],
			"faces": {
				"north": {"uv": [0, 12, 0.5, 14], "texture": "#0"},
				"east": {"uv": [0, 12, 0.5, 14], "texture": "#0"},
				"south": {"uv": [0, 12, 0.5, 14], "texture": "#0"},
				"west": {"uv": [0, 12, 0.5, 14], "texture": "#0"},
				"up": {"uv": [0, 12, 0.5, 14], "texture": "#0"},
				"down": {"uv": [0, 12, 0.5, 14], "texture": "#0"}
			}
		},
		{
			"from": [6.75, 0, 7.75],
			"to": [9.25, 2, 10.25],
			"faces": {
				"north": {"uv": [0, 16, 2, 16], "texture": "#0"},
				"east": {"uv": [0, 16, 2, 16], "texture": "#0"},
				"south": {"uv": [0, 16, 2, 16], "texture": "#0"},
				"west": {"uv": [0, 16, 2, 16], "texture": "#0"},
				"up": {"uv": [0, 16, 2, 16], "texture": "#0"},
				"down": {"uv": [0, 16, 2, 16], "texture": "#0"}
			}
		},
		{
			"from": [7.25, 0, 8.25],
			"to": [7.75, 12.75, 8.75],
			"rotation": {"angle": -22.5, "axis": "y", "origin": [2.25, 0, 1.75]},
			"faces": {
				"north": {"uv": [0, 12, 0.5, 15.75], "texture": "#0"},
				"east": {"uv": [0, 12, 0.5, 15.75], "texture": "#0"},
				"south": {"uv": [0, 12, 0.5, 15.75], "texture": "#0"},
				"west": {"uv": [0, 12, 0.5, 15.75], "texture": "#0"},
				"up": {"uv": [0, 12, 0.5, 15.75], "texture": "#0"},
				"down": {"uv": [0, 12, 0.5, 15.75], "texture": "#0"}
			}
		},
		{
			"from": [7, 0, 8],
			"to": [8, 4.75, 9],
			"rotation": {"angle": -22.5, "axis": "y", "origin": [2.25, 0, 1.75]},
			"faces": {
				"north": {"uv": [0, 12, 0.5, 15.75], "texture": "#0"},
				"east": {"uv": [0, 12, 0.5, 15.75], "texture": "#0"},
				"south": {"uv": [0, 12, 0.5, 15.75], "texture": "#0"},
				"west": {"uv": [0, 12, 0.5, 15.75], "texture": "#0"},
				"up": {"uv": [0, 12, 0.5, 15.75], "texture": "#0"},
				"down": {"uv": [0, 12, 0.5, 15.75], "texture": "#0"}
			}
		},
		{
			"from": [14.25, 0, 8.25],
			"to": [14.75, 12.75, 8.75],
			"rotation": {"angle": -22.5, "axis": "y", "origin": [2.25, 0, 1.75]},
			"faces": {
				"north": {"uv": [0, 12, 0.5, 15.75], "texture": "#0"},
				"east": {"uv": [0, 12, 0.5, 15.75], "texture": "#0"},
				"south": {"uv": [0, 12, 0.5, 15.75], "texture": "#0"},
				"west": {"uv": [0, 12, 0.5, 15.75], "texture": "#0"},
				"up": {"uv": [0, 12, 0.5, 15.75], "texture": "#0"},
				"down": {"uv": [0, 12, 0.5, 15.75], "texture": "#0"}
			}
		},
		{
			"from": [14, 0, 8],
			"to": [15, 4.75, 9],
			"rotation": {"angle": -22.5, "axis": "y", "origin": [2.25, 0, 1.75]},
			"faces": {
				"north": {"uv": [0, 12, 0.5, 15.75], "texture": "#0"},
				"east": {"uv": [0, 12, 0.5, 15.75], "texture": "#0"},
				"south": {"uv": [0, 12, 0.5, 15.75], "texture": "#0"},
				"west": {"uv": [0, 12, 0.5, 15.75], "texture": "#0"},
				"up": {"uv": [0, 12, 0.5, 15.75], "texture": "#0"},
				"down": {"uv": [0, 12, 0.5, 15.75], "texture": "#0"}
			}
		},
		{
			"from": [4.25, 0, 3.25],
			"to": [4.75, 12.75, 3.75],
			"rotation": {"angle": -22.5, "axis": "y", "origin": [2.25, 0, 1.75]},
			"faces": {
				"north": {"uv": [0, 12, 0.5, 15.75], "texture": "#0"},
				"east": {"uv": [0, 12, 0.5, 15.75], "texture": "#0"},
				"south": {"uv": [0, 12, 0.5, 15.75], "texture": "#0"},
				"west": {"uv": [0, 12, 0.5, 15.75], "texture": "#0"},
				"up": {"uv": [0, 12, 0.5, 15.75], "texture": "#0"},
				"down": {"uv": [0, 12, 0.5, 15.75], "texture": "#0"}
			}
		},
		{
			"from": [4, 0, 3],
			"to": [5, 4.75, 4],
			"rotation": {"angle": -22.5, "axis": "y", "origin": [2.25, 0, 1.75]},
			"faces": {
				"north": {"uv": [0, 12, 0.5, 15.75], "texture": "#0"},
				"east": {"uv": [0, 12, 0.5, 15.75], "texture": "#0"},
				"south": {"uv": [0, 12, 0.5, 15.75], "texture": "#0"},
				"west": {"uv": [0, 12, 0.5, 15.75], "texture": "#0"},
				"up": {"uv": [0, 12, 0.5, 15.75], "texture": "#0"},
				"down": {"uv": [0, 12, 0.5, 15.75], "texture": "#0"}
			}
		},
		{
			"from": [7.25, 0, 10.25],
			"to": [7.75, 12.75, 10.75],
			"rotation": {"angle": -22.5, "axis": "y", "origin": [2.25, 0, 1.75]},
			"faces": {
				"north": {"uv": [0, 12, 0.5, 15.75], "texture": "#0"},
				"east": {"uv": [0, 12, 0.5, 15.75], "texture": "#0"},
				"south": {"uv": [0, 12, 0.5, 15.75], "texture": "#0"},
				"west": {"uv": [0, 12, 0.5, 15.75], "texture": "#0"},
				"up": {"uv": [0, 12, 0.5, 15.75], "texture": "#0"},
				"down": {"uv": [0, 12, 0.5, 15.75], "texture": "#0"}
			}
		},
		{
			"from": [7, 0, 10],
			"to": [8, 4.75, 11],
			"rotation": {"angle": -22.5, "axis": "y", "origin": [2.25, 0, 1.75]},
			"faces": {
				"north": {"uv": [0, 12, 0.5, 15.75], "texture": "#0"},
				"east": {"uv": [0, 12, 0.5, 15.75], "texture": "#0"},
				"south": {"uv": [0, 12, 0.5, 15.75], "texture": "#0"},
				"west": {"uv": [0, 12, 0.5, 15.75], "texture": "#0"},
				"up": {"uv": [0, 12, 0.5, 15.75], "texture": "#0"},
				"down": {"uv": [0, 12, 0.5, 15.75], "texture": "#0"}
			}
		}
	],
	"groups": [
		{
			"name": "group",
			"origin": [0, 0, 0],
			"color": 0,
			"children": [
				0,
				1,
				{
					"name": "group",
					"origin": [8, 8, 8],
					"color": 0,
					"children": [2, 3, 4, 5, 6, 7, 8, 9]
				}
			]
		},
		10,
		11,
		12,
		13,
		14,
		15,
		16,
		17,
		18,
		19,
		20,
		21,
		22,
		23,
		24,
		25,
		26,
		27,
		28,
		29,
		30,
		31,
		32,
		33,
		34,
		35,
		36,
		37,
		38,
		39,
		40,
		41,
		42,
		43,
		44,
		45,
		46,
		47,
		48,
		49,
		50,
		51,
		52,
		53,
		54,
		55,
		56,
		57
	]
}