{
	"credit": "Made with Blockbench",
	"textures": {
		"0": "springnions:block/onioncrop",
		"1": "springnions:block/onion_crate_model",
		"particle": "springnions:block/onioncrop"
	},
	"elements": [
		{
			"from": [4.3, 4, 2.2],
			"to": [11.8, 6, 2.7],
			"faces": {
				"north": {"uv": [0, 0, 7.5, 0.5], "rotation": 180, "texture": "#1"},
				"east": {"uv": [0, 0, 7.5, 0.5], "rotation": 90, "texture": "#1"},
				"south": {"uv": [0, 0, 7.5, 0.5], "texture": "#1"},
				"west": {"uv": [0, 0, 7.5, 0.5], "rotation": 270, "texture": "#1"},
				"up": {"uv": [0, 0, 7.5, 0.5], "texture": "#1"},
				"down": {"uv": [0, 0, 7.5, 0.5], "rotation": 180, "texture": "#1"}
			}
		},
		{
			"from": [4, 0, 2],
			"to": [12, 1, 14],
			"faces": {
				"north": {"uv": [0, 1, 8, 2], "texture": "#1"},
				"east": {"uv": [0, 1, 8, 2], "texture": "#1"},
				"south": {"uv": [0, 1, 8, 2], "texture": "#1"},
				"west": {"uv": [0, 1, 8, 2], "texture": "#1"},
				"up": {"uv": [0, 1, 8, 2], "texture": "#1"},
				"down": {"uv": [0, 1, 8, 2], "texture": "#1"}
			}
		},
		{
			"from": [4, 4, 2],
			"to": [5, 5, 14],
			"faces": {
				"north": {"uv": [0, 1, 1, 2], "texture": "#1"},
				"east": {"uv": [0, 1, 1, 2], "texture": "#1"},
				"south": {"uv": [0, 1, 1, 2], "texture": "#1"},
				"west": {"uv": [0, 1, 1, 2], "texture": "#1"},
				"up": {"uv": [0, 1, 1, 2], "texture": "#1"},
				"down": {"uv": [0, 1, 1, 2], "texture": "#1"}
			}
		},
		{
			"from": [4.25, 1, 2.25],
			"to": [4.75, 4, 13.75],
			"faces": {
				"north": {"uv": [0, 0, 0.5, 3], "texture": "#1"},
				"east": {"uv": [0, 0, 0.5, 3], "texture": "#1"},
				"south": {"uv": [0, 0, 0.5, 3], "texture": "#1"},
				"west": {"uv": [0, 0, 0.5, 3], "texture": "#1"},
				"up": {"uv": [0, 0, 0.5, 3], "texture": "#1"},
				"down": {"uv": [0, 0, 0.5, 3], "texture": "#1"}
			}
		},
		{
			"from": [11.25, 1, 2.25],
			"to": [11.75, 4, 13.75],
			"faces": {
				"north": {"uv": [0, 0, 0.5, 3], "texture": "#1"},
				"east": {"uv": [0, 0, 0.5, 3], "texture": "#1"},
				"south": {"uv": [0, 0, 0.5, 3], "texture": "#1"},
				"west": {"uv": [0, 0, 0.5, 3], "texture": "#1"},
				"up": {"uv": [0, 0, 0.5, 3], "texture": "#1"},
				"down": {"uv": [0, 0, 0.5, 3], "texture": "#1"}
			}
		},
		{
			"from": [11, 4, 2],
			"to": [12, 5, 14],
			"faces": {
				"north": {"uv": [0, 1, 1, 2], "texture": "#1"},
				"east": {"uv": [0, 1, 1, 2], "texture": "#1"},
				"south": {"uv": [0, 1, 1, 2], "texture": "#1"},
				"west": {"uv": [0, 1, 1, 2], "texture": "#1"},
				"up": {"uv": [0, 1, 1, 2], "texture": "#1"},
				"down": {"uv": [0, 1, 1, 2], "texture": "#1"}
			}
		},
		{
			"from": [4.75, 1, 2.25],
			"to": [11.25, 4, 2.75],
			"faces": {
				"north": {"uv": [0, 0, 6.5, 3], "texture": "#1"},
				"east": {"uv": [0, 0, 6.5, 3], "texture": "#1"},
				"south": {"uv": [0, 0, 6.5, 3], "texture": "#1"},
				"west": {"uv": [0, 0, 6.5, 3], "texture": "#1"},
				"up": {"uv": [0, 0, 6.5, 3], "texture": "#1"},
				"down": {"uv": [0, 0, 6.5, 3], "texture": "#1"}
			}
		},
		{
			"from": [5.2, 1, 3],
			"to": [11, 4.3, 3.2],
			"faces": {
				"north": {"uv": [0, 0, 5.8, 3], "texture": "#1"},
				"east": {"uv": [0, 0, 5.8, 3], "texture": "#1"},
				"south": {"uv": [0, 0, 5.8, 3], "texture": "#1"},
				"west": {"uv": [0, 0, 5.8, 3], "texture": "#1"},
				"up": {"uv": [0, 0, 5.8, 0], "texture": "#1"},
				"down": {"uv": [0, 0, 5.8, 3], "texture": "#1"}
			}
		},
		{
			"from": [5, 4, 13],
			"to": [11, 5, 14],
			"faces": {
				"north": {"uv": [0, 1, 6, 2], "texture": "#1"},
				"east": {"uv": [0, 1, 6, 2], "texture": "#1"},
				"south": {"uv": [0, 1, 6, 2], "texture": "#1"},
				"west": {"uv": [0, 1, 6, 2], "texture": "#1"},
				"up": {"uv": [0, 1, 6, 2], "texture": "#1"},
				"down": {"uv": [0, 1, 6, 2], "texture": "#1"}
			}
		},
		{
			"from": [10.8, 1, 3.2],
			"to": [11.4, 4.3, 13],
			"faces": {
				"north": {"uv": [0, 0, 0.6, 3], "texture": "#1"},
				"east": {"uv": [0, 0, 0.6, 3], "texture": "#1"},
				"south": {"uv": [0, 0, 0.6, 3], "texture": "#1"},
				"west": {"uv": [0, 0, 0.6, 3], "texture": "#1"},
				"up": {"uv": [0, 0, 0.6, 0], "texture": "#1"},
				"down": {"uv": [0, 0, 0.6, 3], "texture": "#1"}
			}
		},
		{
			"from": [5, 0.2, 12.8],
			"to": [10.8, 4.3, 13],
			"faces": {
				"north": {"uv": [0, 0, 5.8, 3.8], "texture": "#1"},
				"east": {"uv": [0, 0, 5.8, 3.8], "texture": "#1"},
				"south": {"uv": [0, 0, 5.8, 3.8], "texture": "#1"},
				"west": {"uv": [0, 0, 5.8, 3.8], "texture": "#1"},
				"up": {"uv": [0, 0, 5.8, 0.8], "texture": "#1"},
				"down": {"uv": [0, 0, 5.8, 3.8], "texture": "#1"}
			}
		},
		{
			"from": [5, 1, 3],
			"to": [5.2, 4.3, 12.8],
			"faces": {
				"north": {"uv": [0, 0, 0.2, 3], "texture": "#1"},
				"east": {"uv": [0, 0, 0.2, 3], "texture": "#1"},
				"south": {"uv": [0, 0, 0.2, 3], "texture": "#1"},
				"west": {"uv": [0, 0, 0.2, 3], "texture": "#1"},
				"up": {"uv": [0, 0, 0.2, 0], "texture": "#1"},
				"down": {"uv": [0, 0, 0.2, 3], "texture": "#1"}
			}
		},
		{
			"from": [5, 4, 2],
			"to": [11, 5, 3],
			"faces": {
				"north": {"uv": [0, 1, 6, 2], "texture": "#1"},
				"east": {"uv": [0, 1, 6, 2], "texture": "#1"},
				"south": {"uv": [0, 1, 6, 2], "texture": "#1"},
				"west": {"uv": [0, 1, 6, 2], "texture": "#1"},
				"up": {"uv": [0, 1, 6, 2], "texture": "#1"},
				"down": {"uv": [0, 1, 6, 2], "texture": "#1"}
			}
		},
		{
			"from": [4.75, 1, 13.25],
			"to": [11.25, 4, 13.75],
			"faces": {
				"north": {"uv": [0, 0, 6.5, 3], "texture": "#1"},
				"east": {"uv": [0, 0, 6.5, 3], "texture": "#1"},
				"south": {"uv": [0, 0, 6.5, 3], "texture": "#1"},
				"west": {"uv": [0, 0, 6.5, 3], "texture": "#1"},
				"up": {"uv": [0, 0, 6.5, 3], "texture": "#1"},
				"down": {"uv": [0, 0, 6.5, 3], "texture": "#1"}
			}
		},
		{
			"from": [4.1, 1, 3],
			"to": [5, 4, 13],
			"faces": {
				"north": {"uv": [0, 0, 16, 15.9], "rotation": 90, "texture": "#1"},
				"east": {"uv": [0, 0, 16, 15.9], "rotation": 90, "texture": "#1"},
				"south": {"uv": [0, 0, 16, 15.9], "rotation": 90, "texture": "#1"},
				"west": {"uv": [0, 0, 16, 15.9], "rotation": 90, "texture": "#1"},
				"up": {"uv": [0, 0, 16, 15.9], "rotation": 90, "texture": "#1"},
				"down": {"uv": [0, 0, 16, 15.9], "rotation": 90, "texture": "#1"}
			}
		},
		{
			"from": [4, 2, 2.3],
			"to": [5, 3, 13.7],
			"faces": {
				"north": {"uv": [0, 12, 1, 13], "texture": "#1"},
				"east": {"uv": [0, 12, 1, 13], "texture": "#1"},
				"south": {"uv": [0, 12, 1, 13], "texture": "#1"},
				"west": {"uv": [0, 12, 1, 13], "texture": "#1"},
				"up": {"uv": [0, 12, 1, 13], "texture": "#1"},
				"down": {"uv": [0, 12, 1, 13], "texture": "#1"}
			}
		},
		{
			"from": [4, 2, 2],
			"to": [12, 3, 2.3],
			"faces": {
				"north": {"uv": [0, 10, 8, 11], "texture": "#1"},
				"east": {"uv": [0, 10, 8, 11], "texture": "#1"},
				"south": {"uv": [0, 10, 8, 11], "texture": "#1"},
				"west": {"uv": [0, 10, 8, 11], "texture": "#1"},
				"up": {"uv": [0, 10, 8, 11], "texture": "#1"},
				"down": {"uv": [0, 10, 8, 11], "texture": "#1"}
			}
		},
		{
			"from": [11, 2, 2.3],
			"to": [12, 3, 13.7],
			"faces": {
				"north": {"uv": [0, 12, 1, 13], "texture": "#1"},
				"east": {"uv": [0, 12, 1, 13], "texture": "#1"},
				"south": {"uv": [0, 12, 1, 13], "texture": "#1"},
				"west": {"uv": [0, 12, 1, 13], "texture": "#1"},
				"up": {"uv": [0, 12, 1, 13], "texture": "#1"},
				"down": {"uv": [0, 12, 1, 13], "texture": "#1"}
			}
		},
		{
			"from": [11, 1, 3],
			"to": [11.9, 4, 13],
			"faces": {
				"north": {"uv": [0, 0, 16, 16], "rotation": 90, "texture": "#1"},
				"east": {"uv": [0, 0, 16, 16], "rotation": 90, "texture": "#1"},
				"south": {"uv": [0, 0, 16, 16], "rotation": 90, "texture": "#1"},
				"west": {"uv": [0, 0, 16, 16], "rotation": 90, "texture": "#1"},
				"up": {"uv": [0, 0, 16, 16], "rotation": 90, "texture": "#1"},
				"down": {"uv": [0, 0, 16, 16], "rotation": 90, "texture": "#1"}
			}
		},
		{
			"from": [4.8, 1, 2.1],
			"to": [11.2, 4, 3],
			"faces": {
				"north": {"uv": [0, 0, 16, 13], "rotation": 90, "texture": "#1"},
				"east": {"uv": [0, 0, 16, 13], "rotation": 90, "texture": "#1"},
				"south": {"uv": [0, 0, 16, 13], "rotation": 90, "texture": "#1"},
				"west": {"uv": [0, 0, 16, 13], "rotation": 90, "texture": "#1"},
				"up": {"uv": [0, 0, 16, 13], "rotation": 90, "texture": "#1"},
				"down": {"uv": [0, 0, 16, 13], "rotation": 90, "texture": "#1"}
			}
		},
		{
			"from": [4.8, 1, 13],
			"to": [11.2, 4, 13.9],
			"faces": {
				"north": {"uv": [0, 0, 16, 12], "rotation": 90, "texture": "#1"},
				"east": {"uv": [0, 0, 16, 12], "rotation": 90, "texture": "#1"},
				"south": {"uv": [0, 0, 16, 12], "rotation": 90, "texture": "#1"},
				"west": {"uv": [0, 0, 16, 12], "rotation": 90, "texture": "#1"},
				"up": {"uv": [0, 0, 16, 12], "rotation": 90, "texture": "#1"},
				"down": {"uv": [0, 0, 16, 12], "rotation": 90, "texture": "#1"}
			}
		},
		{
			"from": [4, 2, 13.7],
			"to": [12, 3, 14],
			"faces": {
				"north": {"uv": [0, 10, 8, 11], "texture": "#1"},
				"east": {"uv": [0, 10, 8, 11], "texture": "#1"},
				"south": {"uv": [0, 10, 8, 11], "texture": "#1"},
				"west": {"uv": [0, 10, 8, 11], "texture": "#1"},
				"up": {"uv": [0, 10, 8, 11], "texture": "#1"},
				"down": {"uv": [0, 10, 8, 11], "texture": "#1"}
			}
		},
		{
			"from": [4.3, 4, 2.7],
			"to": [4.8, 6, 8.2],
			"faces": {
				"north": {"uv": [0, 0, 0.5, 5.5], "rotation": 180, "texture": "#1"},
				"east": {"uv": [0, 0, 0.5, 5.5], "rotation": 90, "texture": "#1"},
				"south": {"uv": [0, 0, 0.5, 5.5], "texture": "#1"},
				"west": {"uv": [0, 0, 0.5, 5.5], "rotation": 270, "texture": "#1"},
				"up": {"uv": [0, 0, 0.5, 5.5], "texture": "#1"},
				"down": {"uv": [0, 0, 0.5, 5.5], "rotation": 180, "texture": "#1"}
			}
		},
		{
			"from": [11.3, 4, 2.7],
			"to": [11.8, 6, 8.2],
			"faces": {
				"north": {"uv": [0, 0, 0.5, 5.5], "rotation": 180, "texture": "#1"},
				"east": {"uv": [0, 0, 0.5, 5.5], "rotation": 90, "texture": "#1"},
				"south": {"uv": [0, 0, 0.5, 5.5], "texture": "#1"},
				"west": {"uv": [0, 0, 0.5, 5.5], "rotation": 270, "texture": "#1"},
				"up": {"uv": [0, 0, 0.5, 5.5], "texture": "#1"},
				"down": {"uv": [0, 0, 0.5, 5.5], "rotation": 180, "texture": "#1"}
			}
		},
		{
			"from": [7.6, 0.2, 7],
			"to": [9.6, 3.8, 9],
			"rotation": {"angle": 0, "axis": "y", "origin": [1, -1.2, 2]},
			"faces": {
				"north": {"uv": [1, 8, 3, 11.6], "texture": "#0"},
				"east": {"uv": [1, 8, 3, 11.6], "texture": "#0"},
				"south": {"uv": [1, 8, 3, 11.6], "texture": "#0"},
				"west": {"uv": [1, 8, 3, 11.6], "texture": "#0"},
				"up": {"uv": [1, 8, 3, 11.6], "texture": "#0"},
				"down": {"uv": [1, 8, 3, 11.6], "texture": "#0"}
			}
		},
		{
			"from": [7.6, 0.8, 6],
			"to": [9.6, 2.8, 10],
			"rotation": {"angle": 0, "axis": "y", "origin": [1, -1.2, 2]},
			"faces": {
				"north": {"uv": [1, 8, 3, 10], "texture": "#0"},
				"east": {"uv": [1, 8, 3, 10], "texture": "#0"},
				"south": {"uv": [1, 8, 3, 10], "texture": "#0"},
				"west": {"uv": [1, 8, 3, 10], "texture": "#0"},
				"up": {"uv": [1, 8, 3, 10], "texture": "#0"},
				"down": {"uv": [1, 8, 3, 10], "texture": "#0"}
			}
		},
		{
			"from": [6.6, 0.8, 7],
			"to": [10.6, 2.8, 9],
			"rotation": {"angle": 0, "axis": "y", "origin": [1, -1.2, 2]},
			"faces": {
				"north": {"uv": [1, 8, 5, 10], "texture": "#0"},
				"east": {"uv": [1, 8, 5, 10], "texture": "#0"},
				"south": {"uv": [1, 8, 5, 10], "texture": "#0"},
				"west": {"uv": [1, 8, 5, 10], "texture": "#0"},
				"up": {"uv": [1, 8, 5, 10], "texture": "#0"},
				"down": {"uv": [1, 8, 5, 10], "texture": "#0"}
			}
		},
		{
			"from": [4.1, 3.1, 10.1],
			"to": [8.1, 5.1, 12.1],
			"rotation": {"angle": 22.5, "axis": "y", "origin": [-1.5, 1.1, 5.1]},
			"faces": {
				"north": {"uv": [1, 8, 5, 10], "texture": "#0"},
				"east": {"uv": [1, 8, 5, 10], "texture": "#0"},
				"south": {"uv": [1, 8, 5, 10], "texture": "#0"},
				"west": {"uv": [1, 8, 5, 10], "texture": "#0"},
				"up": {"uv": [1, 8, 5, 10], "texture": "#0"},
				"down": {"uv": [1, 8, 5, 10], "texture": "#0"}
			}
		},
		{
			"from": [5.1, 2.1, 10.1],
			"to": [7.1, 6.1, 12.1],
			"rotation": {"angle": 22.5, "axis": "y", "origin": [-1.5, 1.1, 5.1]},
			"faces": {
				"north": {"uv": [1, 8, 3, 12], "texture": "#0"},
				"east": {"uv": [1, 8, 3, 12], "texture": "#0"},
				"south": {"uv": [1, 8, 3, 12], "texture": "#0"},
				"west": {"uv": [1, 8, 3, 12], "texture": "#0"},
				"up": {"uv": [1, 8, 3, 12], "texture": "#0"},
				"down": {"uv": [1, 8, 3, 12], "texture": "#0"}
			}
		},
		{
			"from": [5.1, 3.1, 9.1],
			"to": [7.1, 5.1, 13.1],
			"rotation": {"angle": 22.5, "axis": "y", "origin": [-1.5, 1.1, 5.1]},
			"faces": {
				"north": {"uv": [1, 8, 3, 10], "texture": "#0"},
				"east": {"uv": [1, 8, 3, 10], "texture": "#0"},
				"south": {"uv": [1, 8, 3, 10], "texture": "#0"},
				"west": {"uv": [1, 8, 3, 10], "texture": "#0"},
				"up": {"uv": [1, 8, 3, 10], "texture": "#0"},
				"down": {"uv": [1, 8, 3, 10], "texture": "#0"}
			}
		},
		{
			"from": [10.3, 2.5, 4.7],
			"to": [12.3, 6.5, 6.7],
			"rotation": {"angle": 22.5, "axis": "z", "origin": [14.3, -3.1, -0.3]},
			"faces": {
				"north": {"uv": [1, 8, 5, 10], "rotation": 270, "texture": "#0"},
				"east": {"uv": [1, 8, 5, 10], "rotation": 270, "texture": "#0"},
				"south": {"uv": [1, 8, 5, 10], "rotation": 270, "texture": "#0"},
				"west": {"uv": [1, 8, 5, 10], "rotation": 270, "texture": "#0"},
				"up": {"uv": [1, 8, 5, 10], "rotation": 270, "texture": "#0"},
				"down": {"uv": [1, 8, 5, 10], "rotation": 270, "texture": "#0"}
			}
		},
		{
			"from": [9.3, 3.5, 4.7],
			"to": [13.3, 5.5, 6.7],
			"rotation": {"angle": 22.5, "axis": "z", "origin": [14.3, -3.1, -0.3]},
			"faces": {
				"north": {"uv": [1, 8, 3, 12], "rotation": 270, "texture": "#0"},
				"east": {"uv": [1, 8, 3, 12], "rotation": 270, "texture": "#0"},
				"south": {"uv": [1, 8, 3, 12], "rotation": 270, "texture": "#0"},
				"west": {"uv": [1, 8, 3, 12], "rotation": 270, "texture": "#0"},
				"up": {"uv": [1, 8, 3, 12], "rotation": 270, "texture": "#0"},
				"down": {"uv": [1, 8, 3, 12], "rotation": 270, "texture": "#0"}
			}
		},
		{
			"from": [10.3, 3.5, 3.7],
			"to": [12.3, 5.5, 7.7],
			"rotation": {"angle": 22.5, "axis": "z", "origin": [14.3, -3.1, -0.3]},
			"faces": {
				"north": {"uv": [1, 8, 3, 10], "rotation": 270, "texture": "#0"},
				"east": {"uv": [1, 8, 3, 10], "rotation": 270, "texture": "#0"},
				"south": {"uv": [1, 8, 3, 10], "rotation": 270, "texture": "#0"},
				"west": {"uv": [1, 8, 3, 10], "rotation": 270, "texture": "#0"},
				"up": {"uv": [1, 8, 3, 10], "rotation": 270, "texture": "#0"},
				"down": {"uv": [1, 8, 3, 10], "rotation": 270, "texture": "#0"}
			}
		},
		{
			"from": [5.3, -2.5, 12],
			"to": [9.3, -0.5, 14],
			"rotation": {"angle": -22.5, "axis": "x", "origin": [-1, -4, 2]},
			"faces": {
				"north": {"uv": [1, 8, 5, 10], "texture": "#0"},
				"east": {"uv": [1, 8, 5, 10], "texture": "#0"},
				"south": {"uv": [1, 8, 5, 10], "texture": "#0"},
				"west": {"uv": [1, 8, 5, 10], "texture": "#0"},
				"up": {"uv": [1, 8, 5, 10], "texture": "#0"},
				"down": {"uv": [1, 8, 5, 10], "texture": "#0"}
			}
		},
		{
			"from": [6.3, -3.5, 12],
			"to": [8.3, 0.5, 14],
			"rotation": {"angle": -22.5, "axis": "x", "origin": [-1, -4, 2]},
			"faces": {
				"north": {"uv": [1, 8, 3, 12], "texture": "#0"},
				"east": {"uv": [1, 8, 3, 12], "texture": "#0"},
				"south": {"uv": [1, 8, 3, 12], "texture": "#0"},
				"west": {"uv": [1, 8, 3, 12], "texture": "#0"},
				"up": {"uv": [1, 8, 3, 12], "texture": "#0"},
				"down": {"uv": [1, 8, 3, 12], "texture": "#0"}
			}
		},
		{
			"from": [6.3, -2.5, 11],
			"to": [8.3, -0.5, 14.7],
			"rotation": {"angle": -22.5, "axis": "x", "origin": [-1, -4, 2]},
			"faces": {
				"north": {"uv": [1, 8, 3, 10], "texture": "#0"},
				"east": {"uv": [1, 8, 3, 10], "texture": "#0"},
				"south": {"uv": [1, 8, 3, 10], "texture": "#0"},
				"west": {"uv": [1, 8, 3, 10], "texture": "#0"},
				"up": {"uv": [1, 8, 3, 10], "texture": "#0"},
				"down": {"uv": [1, 8, 3, 10], "texture": "#0"}
			}
		},
		{
			"from": [6.3, -7.2, 1.3],
			"to": [8.3, -5.5, 5],
			"rotation": {"angle": 45, "axis": "x", "origin": [-1, -4, 14]},
			"faces": {
				"north": {"uv": [1, 8, 3, 9.7], "rotation": 180, "texture": "#0"},
				"east": {"uv": [1, 8, 3, 9.7], "rotation": 180, "texture": "#0"},
				"south": {"uv": [1, 8, 3, 9.7], "rotation": 180, "texture": "#0"},
				"west": {"uv": [1, 8, 3, 9.7], "rotation": 180, "texture": "#0"},
				"up": {"uv": [1, 8, 3, 9.7], "rotation": 180, "texture": "#0"},
				"down": {"uv": [1, 8, 3, 9.7], "rotation": 180, "texture": "#0"}
			}
		},
		{
			"from": [5.3, -7.5, 2],
			"to": [9.3, -5.5, 4],
			"rotation": {"angle": 45, "axis": "x", "origin": [-1, -4, 14]},
			"faces": {
				"north": {"uv": [1, 8, 5, 10], "rotation": 180, "texture": "#0"},
				"east": {"uv": [1, 8, 5, 10], "rotation": 180, "texture": "#0"},
				"south": {"uv": [1, 8, 5, 10], "rotation": 180, "texture": "#0"},
				"west": {"uv": [1, 8, 5, 10], "rotation": 180, "texture": "#0"},
				"up": {"uv": [1, 8, 5, 10], "rotation": 180, "texture": "#0"},
				"down": {"uv": [1, 8, 5, 10], "rotation": 180, "texture": "#0"}
			}
		},
		{
			"from": [6.3, -8.2, 2],
			"to": [8.3, -4.5, 4],
			"rotation": {"angle": 45, "axis": "x", "origin": [-1, -4, 14]},
			"faces": {
				"north": {"uv": [1, 8, 3, 11.7], "rotation": 180, "texture": "#0"},
				"east": {"uv": [1, 8, 3, 11.7], "rotation": 180, "texture": "#0"},
				"south": {"uv": [1, 8, 3, 11.7], "rotation": 180, "texture": "#0"},
				"west": {"uv": [1, 8, 3, 11.7], "rotation": 180, "texture": "#0"},
				"up": {"uv": [1, 8, 3, 11.7], "rotation": 180, "texture": "#0"},
				"down": {"uv": [1, 8, 3, 11.7], "rotation": 180, "texture": "#0"}
			}
		}
	],
	"groups": [
		{
			"name": "group",
			"origin": [0, 0, 0],
			"color": 0,
			"children": [
				{
					"name": "basket",
					"origin": [0, 0, 0],
					"color": 0,
					"children": [0, 1, 2, 3, 4, 5, 6, 7, 8, 9, 10, 11, 12, 13, 14, 15, 16, 17, 18, 19, 20, 21, 22, 23]
				},
				{
					"name": "oignions",
					"origin": [-1, -4, 14],
					"color": 0,
					"children": [24, 25, 26, 27, 28, 29, 30, 31, 32, 33, 34, 35, 36, 37, 38]
				}
			]
		}
	]
}