{
	"credit": "Made with Blockbench",
	"textures": {
		"0": "springnions:block/onioncrop",
		"particle": "springnions:block/onioncrop"
	},
	"elements": [
		{
			"from": [7, 0, 7],
			"to": [8, 0.25, 8],
			"faces": {
				"north": {"uv": [0, 0, 1, 0.25], "texture": "#0"},
				"east": {"uv": [0, 0, 1, 0.25], "texture": "#0"},
				"south": {"uv": [0, 0, 1, 0.25], "texture": "#0"},
				"west": {"uv": [0, 0, 1, 0.25], "texture": "#0"},
				"up": {"uv": [0, 0, 1, 0.25], "texture": "#0"},
				"down": {"uv": [0, 0, 1, 0.25], "texture": "#0"}
			}
		},
		{
			"from": [7.5, 0, 7.5],
			"to": [8.5, 0.5, 8.5],
			"faces": {
				"north": {"uv": [2, 7, 3, 7.5], "texture": "#0"},
				"east": {"uv": [2, 7, 3, 7.5], "texture": "#0"},
				"south": {"uv": [2, 7, 3, 7.5], "texture": "#0"},
				"west": {"uv": [2, 7, 3, 7.5], "texture": "#0"},
				"up": {"uv": [2, 7, 3, 7.5], "texture": "#0"},
				"down": {"uv": [2, 7, 3, 7.5], "texture": "#0"}
			}
		}
	]
}