{
	"credit": "Made with Blockbench",
	"textures": {
		"0": "springnions:block/onioncrop",
		"particle": "springnions:block/onioncrop"
	},
	"elements": [
		{
			"from": [7, 0, 7],
			"to": [7.5, 9, 7.5],
			"faces": {
				"north": {"uv": [14, 0, 14.5, 6], "texture": "#0"},
				"east": {"uv": [14, 0, 14.5, 6], "texture": "#0"},
				"south": {"uv": [14, 0, 14.5, 6], "texture": "#0"},
				"west": {"uv": [14, 0, 14.5, 6], "texture": "#0"},
				"up": {"uv": [14, 0, 14.5, 6], "texture": "#0"},
				"down": {"uv": [14, 0, 14.5, 6], "texture": "#0"}
			}
		},
		{
			"from": [6.25, 0, 9],
			"to": [6.75, 6.75, 9.5],
			"faces": {
				"north": {"uv": [14, 0, 14.5, 3.75], "texture": "#0"},
				"east": {"uv": [14, 0, 14.5, 3.75], "texture": "#0"},
				"south": {"uv": [14, 0, 14.5, 3.75], "texture": "#0"},
				"west": {"uv": [14, 0, 14.5, 3.75], "texture": "#0"},
				"up": {"uv": [14, 0, 14.5, 3.75], "texture": "#0"},
				"down": {"uv": [14, 0, 14.5, 3.75], "texture": "#0"}
			}
		},
		{
			"from": [4, 0, 11],
			"to": [4.5, 6.75, 11.5],
			"rotation": {"angle": 22.5, "axis": "y", "origin": [0, 0, 0]},
			"faces": {
				"north": {"uv": [14, 0, 14.5, 3.75], "texture": "#0"},
				"east": {"uv": [14, 0, 14.5, 3.75], "texture": "#0"},
				"south": {"uv": [14, 0, 14.5, 3.75], "texture": "#0"},
				"west": {"uv": [14, 0, 14.5, 3.75], "texture": "#0"},
				"up": {"uv": [14, 0, 14.5, 3.75], "texture": "#0"},
				"down": {"uv": [14, 0, 14.5, 3.75], "texture": "#0"}
			}
		},
		{
			"from": [4.75, 0, 9],
			"to": [5.25, 7, 9.5],
			"rotation": {"angle": 22.5, "axis": "y", "origin": [0, 0, 0]},
			"faces": {
				"north": {"uv": [14, 0, 14.5, 6], "texture": "#0"},
				"east": {"uv": [14, 0, 14.5, 6], "texture": "#0"},
				"south": {"uv": [14, 0, 14.5, 6], "texture": "#0"},
				"west": {"uv": [14, 0, 14.5, 6], "texture": "#0"},
				"up": {"uv": [14, 0, 14.5, 6], "texture": "#0"},
				"down": {"uv": [14, 0, 14.5, 6], "texture": "#0"}
			}
		},
		{
			"from": [8.25, 0, 7.75],
			"to": [8.75, 7, 8.25],
			"rotation": {"angle": 0, "axis": "y", "origin": [1.25, 0, 0.75]},
			"faces": {
				"north": {"uv": [14, 0, 14.5, 6], "texture": "#0"},
				"east": {"uv": [14, 0, 14.5, 6], "texture": "#0"},
				"south": {"uv": [14, 0, 14.5, 6], "texture": "#0"},
				"west": {"uv": [14, 0, 14.5, 6], "texture": "#0"},
				"up": {"uv": [14, 0, 14.5, 6], "texture": "#0"},
				"down": {"uv": [14, 0, 14.5, 6], "texture": "#0"}
			}
		},
		{
			"from": [7.5, 0, 9.75],
			"to": [8, 5.75, 10.25],
			"rotation": {"angle": 0, "axis": "y", "origin": [1.25, 0, 0.75]},
			"faces": {
				"north": {"uv": [14, 0, 14.5, 7.75], "texture": "#0"},
				"east": {"uv": [14, 0, 14.5, 7.75], "texture": "#0"},
				"south": {"uv": [14, 0, 14.5, 7.75], "texture": "#0"},
				"west": {"uv": [14, 0, 14.5, 7.75], "texture": "#0"},
				"up": {"uv": [14, 0, 14.5, 7.75], "texture": "#0"},
				"down": {"uv": [14, 0, 14.5, 7.75], "texture": "#0"}
			}
		},
		{
			"from": [10.5, 0, 9.75],
			"to": [11, 6.75, 10.25],
			"rotation": {"angle": 0, "axis": "y", "origin": [1.25, 0, 0.75]},
			"faces": {
				"north": {"uv": [14, 0, 14.5, 7.75], "texture": "#0"},
				"east": {"uv": [14, 0, 14.5, 7.75], "texture": "#0"},
				"south": {"uv": [14, 0, 14.5, 7.75], "texture": "#0"},
				"west": {"uv": [14, 0, 14.5, 7.75], "texture": "#0"},
				"up": {"uv": [14, 0, 14.5, 7.75], "texture": "#0"},
				"down": {"uv": [14, 0, 14.5, 7.75], "texture": "#0"}
			}
		},
		{
			"from": [10.5, 0, 4.75],
			"to": [11, 6.75, 5.25],
			"rotation": {"angle": 0, "axis": "y", "origin": [1.25, 0, 0.75]},
			"faces": {
				"north": {"uv": [14, 0, 14.5, 7.75], "texture": "#0"},
				"east": {"uv": [14, 0, 14.5, 7.75], "texture": "#0"},
				"south": {"uv": [14, 0, 14.5, 7.75], "texture": "#0"},
				"west": {"uv": [14, 0, 14.5, 7.75], "texture": "#0"},
				"up": {"uv": [14, 0, 14.5, 7.75], "texture": "#0"},
				"down": {"uv": [14, 0, 14.5, 7.75], "texture": "#0"}
			}
		},
		{
			"from": [4.5, 0, 6.5],
			"to": [5, 6.75, 7],
			"rotation": {"angle": 0, "axis": "y", "origin": [2.25, 0, 1.75]},
			"faces": {
				"north": {"uv": [14, 0, 14.5, 7.75], "texture": "#0"},
				"east": {"uv": [14, 0, 14.5, 7.75], "texture": "#0"},
				"south": {"uv": [14, 0, 14.5, 7.75], "texture": "#0"},
				"west": {"uv": [14, 0, 14.5, 7.75], "texture": "#0"},
				"up": {"uv": [14, 0, 14.5, 7.75], "texture": "#0"},
				"down": {"uv": [14, 0, 14.5, 7.75], "texture": "#0"}
			}
		},
		{
			"from": [7.25, 0, 4.25],
			"to": [7.75, 5.75, 4.75],
			"rotation": {"angle": -22.5, "axis": "y", "origin": [2.25, 0, 1.75]},
			"faces": {
				"north": {"uv": [14, 0, 14.5, 7.75], "texture": "#0"},
				"east": {"uv": [14, 0, 14.5, 7.75], "texture": "#0"},
				"south": {"uv": [14, 0, 14.5, 7.75], "texture": "#0"},
				"west": {"uv": [14, 0, 14.5, 7.75], "texture": "#0"},
				"up": {"uv": [14, 0, 14.5, 7.75], "texture": "#0"},
				"down": {"uv": [14, 0, 14.5, 7.75], "texture": "#0"}
			}
		},
		{
			"from": [5.25, 0, 11.75],
			"to": [5.75, 4.75, 12.25],
			"rotation": {"angle": 22.5, "axis": "y", "origin": [1.25, 0, 0.75]},
			"faces": {
				"north": {"uv": [14, 0, 14.5, 7.75], "texture": "#0"},
				"east": {"uv": [14, 0, 14.5, 7.75], "texture": "#0"},
				"south": {"uv": [14, 0, 14.5, 7.75], "texture": "#0"},
				"west": {"uv": [14, 0, 14.5, 7.75], "texture": "#0"},
				"up": {"uv": [14, 0, 14.5, 7.75], "texture": "#0"},
				"down": {"uv": [14, 0, 14.5, 7.75], "texture": "#0"}
			}
		},
		{
			"from": [6, 0, 9.75],
			"to": [6.5, 8, 10.25],
			"rotation": {"angle": 22.5, "axis": "y", "origin": [1.25, 0, 0.75]},
			"faces": {
				"north": {"uv": [14, 0, 14.5, 6], "texture": "#0"},
				"east": {"uv": [14, 0, 14.5, 6], "texture": "#0"},
				"south": {"uv": [14, 0, 14.5, 6], "texture": "#0"},
				"west": {"uv": [14, 0, 14.5, 6], "texture": "#0"},
				"up": {"uv": [14, 0, 14.5, 6], "texture": "#0"},
				"down": {"uv": [14, 0, 14.5, 6], "texture": "#0"}
			}
		}
	]
}