{
	"credit": "Made with Blockbench",
	"textures": {
		"0": "springnions:block/onioncrop",
		"particle": "springnions:block/onioncrop"
	},
	"elements": [
		{
			"from": [7, 0, 7],
			"to": [8, 0.25, 8],
			"faces": {
				"north": {"uv": [0, 3, 1, 4], "texture": "#0"},
				"east": {"uv": [0, 3, 1, 4], "texture": "#0"},
				"south": {"uv": [0, 3, 1, 4], "texture": "#0"},
				"west": {"uv": [0, 3, 1, 4], "texture": "#0"},
				"up": {"uv": [0, 3, 1, 4], "texture": "#0"},
				"down": {"uv": [0, 3, 1, 4], "texture": "#0"}
			}
		},
		{
			"from": [8.75, 0, 7.5],
			"to": [9, 2, 7.75],
			"faces": {
				"north": {"uv": [8, 0, 9.25, 1], "texture": "#0"},
				"east": {"uv": [8, 0, 9.25, 1], "texture": "#0"},
				"south": {"uv": [8, 0, 9.25, 1], "texture": "#0"},
				"west": {"uv": [8, 0, 9.25, 1], "texture": "#0"},
				"up": {"uv": [8, 0, 9.25, 1], "texture": "#0"},
				"down": {"uv": [8, 0, 9.25, 1], "texture": "#0"}
			}
		},
		{
			"from": [7.5, 0, 8.25],
			"to": [7.75, 2, 8.5],
			"faces": {
				"north": {"uv": [8, 0, 9.25, 1], "texture": "#0"},
				"east": {"uv": [8, 0, 9.25, 1], "texture": "#0"},
				"south": {"uv": [8, 0, 9.25, 1], "texture": "#0"},
				"west": {"uv": [8, 0, 9.25, 1], "texture": "#0"},
				"up": {"uv": [8, 0, 9.25, 1], "texture": "#0"},
				"down": {"uv": [8, 0, 9.25, 1], "texture": "#0"}
			}
		},
		{
			"from": [6.75, 0, 7.25],
			"to": [7, 2, 7.5],
			"faces": {
				"north": {"uv": [8, 0, 9.25, 1], "texture": "#0"},
				"east": {"uv": [8, 0, 9.25, 1], "texture": "#0"},
				"south": {"uv": [8, 0, 9.25, 1], "texture": "#0"},
				"west": {"uv": [8, 0, 9.25, 1], "texture": "#0"},
				"up": {"uv": [8, 0, 9.25, 1], "texture": "#0"},
				"down": {"uv": [8, 0, 9.25, 1], "texture": "#0"}
			}
		},
		{
			"from": [8.25, 0, 6.5],
			"to": [8.5, 2, 6.75],
			"faces": {
				"north": {"uv": [8, 0, 9.25, 1], "texture": "#0"},
				"east": {"uv": [8, 0, 9.25, 1], "texture": "#0"},
				"south": {"uv": [8, 0, 9.25, 1], "texture": "#0"},
				"west": {"uv": [8, 0, 9.25, 1], "texture": "#0"},
				"up": {"uv": [8, 0, 9.25, 1], "texture": "#0"},
				"down": {"uv": [8, 0, 9.25, 1], "texture": "#0"}
			}
		}
	]
}