{
	"credit": "Made with Blockbench",
	"textures": {
		"0": "springnions:block/onion_shelf",
		"1": "springnions:block/onioncrop",
		"2": "springnions:block/onion_crate_model",
		"particle": "springnions:block/onion_shelf"
	},
	"elements": [
		{
			"from": [0, 0, 0],
			"to": [16, 1, 16],
			"rotation": {"angle": 0, "axis": "y", "origin": [0, 1, 16]},
			"faces": {
				"north": {"uv": [0, 0, 16, 1], "texture": "#0"},
				"east": {"uv": [0, 0, 16, 1], "texture": "#0"},
				"south": {"uv": [0, 0, 16, 1], "texture": "#0"},
				"west": {"uv": [0, 0, 16, 1], "texture": "#0"},
				"up": {"uv": [0, 0, 16, 16], "rotation": 270, "texture": "#0"},
				"down": {"uv": [0, 0, 16, 16], "rotation": 90, "texture": "#0"}
			}
		},
		{
			"from": [0, 1, 15],
			"to": [16, 32, 16],
			"rotation": {"angle": 0, "axis": "y", "origin": [0, 1, 16]},
			"faces": {
				"north": {"uv": [0, 0, 16, 16], "texture": "#0"},
				"east": {"uv": [0, 0, 1, 16], "texture": "#0"},
				"south": {"uv": [0, 0, 16, 16], "texture": "#0"},
				"west": {"uv": [0, 0, 1, 16], "texture": "#0"},
				"up": {"uv": [0, 0, 1, 16], "rotation": 270, "texture": "#0"},
				"down": {"uv": [0, 0, 1, 16], "rotation": 90, "texture": "#0"}
			}
		},
		{
			"from": [0, 8, 0],
			"to": [16, 9, 15],
			"rotation": {"angle": 0, "axis": "y", "origin": [0, -11, 16]},
			"faces": {
				"north": {"uv": [0, 0, 16, 1], "texture": "#0"},
				"east": {"uv": [0, 0, 15, 1], "texture": "#0"},
				"south": {"uv": [0, 0, 16, 1], "texture": "#0"},
				"west": {"uv": [0, 0, 15, 1], "texture": "#0"},
				"up": {"uv": [1, 0, 16, 16], "rotation": 270, "texture": "#0"},
				"down": {"uv": [1, 0, 16, 16], "rotation": 90, "texture": "#0"}
			}
		},
		{
			"from": [0, 16, 0],
			"to": [16, 17, 15],
			"rotation": {"angle": 0, "axis": "y", "origin": [0, -5, 16]},
			"faces": {
				"north": {"uv": [0, 0, 16, 1], "texture": "#0"},
				"east": {"uv": [0, 0, 15, 1], "texture": "#0"},
				"south": {"uv": [0, 0, 16, 1], "texture": "#0"},
				"west": {"uv": [0, 0, 15, 1], "texture": "#0"},
				"up": {"uv": [1, 0, 16, 16], "rotation": 270, "texture": "#0"},
				"down": {"uv": [1, 0, 16, 16], "rotation": 90, "texture": "#0"}
			}
		},
		{
			"from": [0, 24, 0],
			"to": [16, 25, 15],
			"rotation": {"angle": 0, "axis": "y", "origin": [0, 1, 16]},
			"faces": {
				"north": {"uv": [0, 0, 16, 1], "texture": "#0"},
				"east": {"uv": [0, 0, 15, 1], "texture": "#0"},
				"south": {"uv": [0, 0, 16, 1], "texture": "#0"},
				"west": {"uv": [0, 0, 15, 1], "texture": "#0"},
				"up": {"uv": [1, 0, 16, 16], "rotation": 270, "texture": "#0"},
				"down": {"uv": [1, 0, 16, 16], "rotation": 90, "texture": "#0"}
			}
		},
		{
			"from": [0.2, 1.1, 0],
			"to": [15.8, 2.1, 0.8],
			"rotation": {"angle": 22.5, "axis": "x", "origin": [0, 1.1, -0.2]},
			"faces": {
				"north": {"uv": [0, 0, 16, 0.8], "texture": "#0"},
				"east": {"uv": [0, 0, 16, 0.8], "texture": "#0"},
				"south": {"uv": [0, 0, 16, 0.8], "texture": "#0"},
				"west": {"uv": [0, 0, 16, 0.8], "texture": "#0"},
				"up": {"uv": [0, 0, 16, 0.8], "texture": "#0"},
				"down": {"uv": [0, 0, 16, 0.8], "texture": "#0"}
			}
		},
		{
			"from": [0.2, 9.1, 0],
			"to": [15.8, 10.1, 0.8],
			"rotation": {"angle": 22.5, "axis": "x", "origin": [0, 9.1, -0.2]},
			"faces": {
				"north": {"uv": [0, 0, 16, 0.8], "texture": "#0"},
				"east": {"uv": [0, 0, 16, 0.8], "texture": "#0"},
				"south": {"uv": [0, 0, 16, 0.8], "texture": "#0"},
				"west": {"uv": [0, 0, 16, 0.8], "texture": "#0"},
				"up": {"uv": [0, 0, 16, 0.8], "texture": "#0"},
				"down": {"uv": [0, 0, 16, 0.8], "texture": "#0"}
			}
		},
		{
			"from": [0.2, 25.1, 0],
			"to": [15.8, 26.1, 0.8],
			"rotation": {"angle": 22.5, "axis": "x", "origin": [0, 25.1, -0.2]},
			"faces": {
				"north": {"uv": [0, 0, 16, 0.8], "texture": "#0"},
				"east": {"uv": [0, 0, 16, 0.8], "texture": "#0"},
				"south": {"uv": [0, 0, 16, 0.8], "texture": "#0"},
				"west": {"uv": [0, 0, 16, 0.8], "texture": "#0"},
				"up": {"uv": [0, 0, 16, 0.8], "texture": "#0"},
				"down": {"uv": [0, 0, 16, 0.8], "texture": "#0"}
			}
		},
		{
			"from": [0.2, 17.1, 0],
			"to": [15.8, 18.1, 0.8],
			"rotation": {"angle": 22.5, "axis": "x", "origin": [0, 17.1, -0.2]},
			"faces": {
				"north": {"uv": [0, 0, 16, 0.8], "texture": "#0"},
				"east": {"uv": [0, 0, 16, 0.8], "texture": "#0"},
				"south": {"uv": [0, 0, 16, 0.8], "texture": "#0"},
				"west": {"uv": [0, 0, 16, 0.8], "texture": "#0"},
				"up": {"uv": [0, 0, 16, 0.8], "texture": "#0"},
				"down": {"uv": [0, 0, 16, 0.8], "texture": "#0"}
			}
		},
		{
			"from": [8.3, 5, 13.2],
			"to": [15.8, 7, 13.7],
			"rotation": {"angle": 0, "axis": "y", "origin": [4, 1, 11]},
			"faces": {
				"north": {"uv": [0, 0, 7.5, 0.5], "rotation": 180, "texture": "#2"},
				"east": {"uv": [0, 0, 7.5, 0.5], "rotation": 180, "texture": "#2"},
				"south": {"uv": [0, 0, 7.5, 0.5], "rotation": 180, "texture": "#2"},
				"west": {"uv": [0, 0, 7.5, 0.5], "rotation": 180, "texture": "#2"},
				"up": {"uv": [0, 0, 7.5, 0.5], "rotation": 180, "texture": "#2"},
				"down": {"uv": [0, 0, 7.5, 0.5], "rotation": 180, "texture": "#2"}
			}
		},
		{
			"from": [8, 1, 2],
			"to": [16, 2, 14],
			"rotation": {"angle": 0, "axis": "y", "origin": [4, 1, 0]},
			"faces": {
				"north": {"uv": [0, 1, 8, 2], "texture": "#2"},
				"east": {"uv": [0, 1, 8, 2], "texture": "#2"},
				"south": {"uv": [0, 1, 8, 2], "texture": "#2"},
				"west": {"uv": [0, 1, 8, 2], "texture": "#2"},
				"up": {"uv": [0, 1, 8, 2], "texture": "#2"},
				"down": {"uv": [0, 1, 8, 2], "texture": "#2"}
			}
		},
		{
			"from": [8, 5, 2],
			"to": [9, 6, 14],
			"rotation": {"angle": 0, "axis": "y", "origin": [4, 1, 0]},
			"faces": {
				"north": {"uv": [0, 1, 1, 2], "texture": "#2"},
				"east": {"uv": [0, 1, 1, 2], "texture": "#2"},
				"south": {"uv": [0, 1, 1, 2], "texture": "#2"},
				"west": {"uv": [0, 1, 1, 2], "texture": "#2"},
				"up": {"uv": [0, 1, 1, 2], "texture": "#2"},
				"down": {"uv": [0, 1, 1, 2], "texture": "#2"}
			}
		},
		{
			"from": [8.25, 2, 2.25],
			"to": [8.75, 5, 13.75],
			"rotation": {"angle": 0, "axis": "y", "origin": [4, 1, 0]},
			"faces": {
				"north": {"uv": [0, 0, 0.5, 3], "texture": "#2"},
				"east": {"uv": [0, 0, 0.5, 3], "texture": "#2"},
				"south": {"uv": [0, 0, 0.5, 3], "texture": "#2"},
				"west": {"uv": [0, 0, 0.5, 3], "texture": "#2"},
				"up": {"uv": [0, 0, 0.5, 3], "texture": "#2"},
				"down": {"uv": [0, 0, 0.5, 3], "texture": "#2"}
			}
		},
		{
			"from": [15.25, 2, 2.25],
			"to": [15.75, 5, 13.75],
			"rotation": {"angle": 0, "axis": "y", "origin": [4, 1, 0]},
			"faces": {
				"north": {"uv": [0, 0, 0.5, 3], "texture": "#2"},
				"east": {"uv": [0, 0, 0.5, 3], "texture": "#2"},
				"south": {"uv": [0, 0, 0.5, 3], "texture": "#2"},
				"west": {"uv": [0, 0, 0.5, 3], "texture": "#2"},
				"up": {"uv": [0, 0, 0.5, 3], "texture": "#2"},
				"down": {"uv": [0, 0, 0.5, 3], "texture": "#2"}
			}
		},
		{
			"from": [15, 5, 2],
			"to": [16, 6, 14],
			"rotation": {"angle": 0, "axis": "y", "origin": [4, 1, 0]},
			"faces": {
				"north": {"uv": [0, 1, 1, 2], "texture": "#2"},
				"east": {"uv": [0, 1, 1, 2], "texture": "#2"},
				"south": {"uv": [0, 1, 1, 2], "texture": "#2"},
				"west": {"uv": [0, 1, 1, 2], "texture": "#2"},
				"up": {"uv": [0, 1, 1, 2], "texture": "#2"},
				"down": {"uv": [0, 1, 1, 2], "texture": "#2"}
			}
		},
		{
			"from": [8.75, 2, 2.25],
			"to": [15.25, 5, 2.75],
			"rotation": {"angle": 0, "axis": "y", "origin": [4, 1, 0]},
			"faces": {
				"north": {"uv": [0, 0, 6.5, 3], "texture": "#2"},
				"east": {"uv": [0, 0, 6.5, 3], "texture": "#2"},
				"south": {"uv": [0, 0, 6.5, 3], "texture": "#2"},
				"west": {"uv": [0, 0, 6.5, 3], "texture": "#2"},
				"up": {"uv": [0, 0, 6.5, 3], "texture": "#2"},
				"down": {"uv": [0, 0, 6.5, 3], "texture": "#2"}
			}
		},
		{
			"from": [9.2, 2, 3],
			"to": [15, 5.3, 3.2],
			"rotation": {"angle": 0, "axis": "y", "origin": [4, 1, 0]},
			"faces": {
				"north": {"uv": [0, 0, 5.8, 3], "texture": "#2"},
				"east": {"uv": [0, 0, 5.8, 3], "texture": "#2"},
				"south": {"uv": [0, 0, 5.8, 3], "texture": "#2"},
				"west": {"uv": [0, 0, 5.8, 3], "texture": "#2"},
				"up": {"uv": [0, 0, 5.8, 3], "texture": "#2"},
				"down": {"uv": [0, 0, 5.8, 3], "texture": "#2"}
			}
		},
		{
			"from": [9, 5, 13],
			"to": [15, 6, 14],
			"rotation": {"angle": 0, "axis": "y", "origin": [4, 1, 0]},
			"faces": {
				"north": {"uv": [0, 1, 6, 2], "texture": "#2"},
				"east": {"uv": [0, 1, 6, 2], "texture": "#2"},
				"south": {"uv": [0, 1, 6, 2], "texture": "#2"},
				"west": {"uv": [0, 1, 6, 2], "texture": "#2"},
				"up": {"uv": [0, 1, 6, 2], "texture": "#2"},
				"down": {"uv": [0, 1, 6, 2], "texture": "#2"}
			}
		},
		{
			"from": [14.8, 2, 3.2],
			"to": [15.4, 5.3, 13],
			"rotation": {"angle": 0, "axis": "y", "origin": [4, 1, 0]},
			"faces": {
				"north": {"uv": [0, 0, 0.6, 3], "texture": "#2"},
				"east": {"uv": [0, 0, 0.6, 3], "texture": "#2"},
				"south": {"uv": [0, 0, 0.6, 3], "texture": "#2"},
				"west": {"uv": [0, 0, 0.6, 3], "texture": "#2"},
				"up": {"uv": [0, 0, 0.6, 3], "texture": "#2"},
				"down": {"uv": [0, 0, 0.6, 3], "texture": "#2"}
			}
		},
		{
			"from": [9, 1.2, 12.8],
			"to": [14.8, 5.3, 13],
			"rotation": {"angle": 0, "axis": "y", "origin": [4, 1, 0]},
			"faces": {
				"north": {"uv": [0, 0, 5.8, 3.8], "texture": "#2"},
				"east": {"uv": [0, 0, 5.8, 3.8], "texture": "#2"},
				"south": {"uv": [0, 0, 5.8, 3.8], "texture": "#2"},
				"west": {"uv": [0, 0, 5.8, 3.8], "texture": "#2"},
				"up": {"uv": [0, 0, 5.8, 3.8], "texture": "#2"},
				"down": {"uv": [0, 0, 5.8, 3.8], "texture": "#2"}
			}
		},
		{
			"from": [9, 2, 3],
			"to": [9.2, 5.3, 12.8],
			"rotation": {"angle": 0, "axis": "y", "origin": [4, 1, 0]},
			"faces": {
				"north": {"uv": [0, 0, 0.2, 3], "texture": "#2"},
				"east": {"uv": [0, 0, 0.2, 3], "texture": "#2"},
				"south": {"uv": [0, 0, 0.2, 3], "texture": "#2"},
				"west": {"uv": [0, 0, 0.2, 3], "texture": "#2"},
				"up": {"uv": [0, 0, 0.2, 3], "texture": "#2"},
				"down": {"uv": [0, 0, 0.2, 3], "texture": "#2"}
			}
		},
		{
			"from": [9, 5, 2],
			"to": [15, 6, 3],
			"rotation": {"angle": 0, "axis": "y", "origin": [4, 1, 0]},
			"faces": {
				"north": {"uv": [0, 1, 6, 2], "texture": "#2"},
				"east": {"uv": [0, 1, 6, 2], "texture": "#2"},
				"south": {"uv": [0, 1, 6, 2], "texture": "#2"},
				"west": {"uv": [0, 1, 6, 2], "texture": "#2"},
				"up": {"uv": [0, 1, 6, 2], "texture": "#2"},
				"down": {"uv": [0, 1, 6, 2], "texture": "#2"}
			}
		},
		{
			"from": [8.75, 2, 13.25],
			"to": [15.25, 5, 13.75],
			"rotation": {"angle": 0, "axis": "y", "origin": [4, 1, 0]},
			"faces": {
				"north": {"uv": [0, 0, 6.5, 3], "texture": "#2"},
				"east": {"uv": [0, 0, 6.5, 3], "texture": "#2"},
				"south": {"uv": [0, 0, 6.5, 3], "texture": "#2"},
				"west": {"uv": [0, 0, 6.5, 3], "texture": "#2"},
				"up": {"uv": [0, 0, 6.5, 3], "texture": "#2"},
				"down": {"uv": [0, 0, 6.5, 3], "texture": "#2"}
			}
		},
		{
			"from": [8.1, 2, 3],
			"to": [9, 5, 13],
			"rotation": {"angle": 0, "axis": "y", "origin": [4, 1, 0]},
			"faces": {
				"north": {"uv": [0, 0, 16, 15.9], "rotation": 90, "texture": "#2"},
				"east": {"uv": [0, 0, 16, 15.9], "rotation": 90, "texture": "#2"},
				"south": {"uv": [0, 0, 16, 15.9], "rotation": 90, "texture": "#2"},
				"west": {"uv": [0, 0, 16, 15.9], "rotation": 90, "texture": "#2"},
				"up": {"uv": [0, 0, 16, 15.9], "rotation": 90, "texture": "#2"},
				"down": {"uv": [0, 0, 16, 15.9], "rotation": 90, "texture": "#2"}
			}
		},
		{
			"from": [8, 3, 2.3],
			"to": [9, 4, 13.7],
			"rotation": {"angle": 0, "axis": "y", "origin": [4, 1, 0]},
			"faces": {
				"north": {"uv": [0, 12, 1, 13], "texture": "#2"},
				"east": {"uv": [0, 12, 1, 13], "texture": "#2"},
				"south": {"uv": [0, 12, 1, 13], "texture": "#2"},
				"west": {"uv": [0, 12, 1, 13], "texture": "#2"},
				"up": {"uv": [0, 12, 1, 13], "texture": "#2"},
				"down": {"uv": [0, 12, 1, 13], "texture": "#2"}
			}
		},
		{
			"from": [8, 3, 2],
			"to": [16, 4, 2.3],
			"rotation": {"angle": 0, "axis": "y", "origin": [4, 1, 0]},
			"faces": {
				"north": {"uv": [0, 10, 8, 11], "texture": "#2"},
				"east": {"uv": [0, 10, 8, 11], "texture": "#2"},
				"south": {"uv": [0, 10, 8, 11], "texture": "#2"},
				"west": {"uv": [0, 10, 8, 11], "texture": "#2"},
				"up": {"uv": [0, 10, 8, 11], "texture": "#2"},
				"down": {"uv": [0, 10, 8, 11], "texture": "#2"}
			}
		},
		{
			"from": [15, 3, 2.3],
			"to": [16, 4, 13.7],
			"rotation": {"angle": 0, "axis": "y", "origin": [4, 1, 0]},
			"faces": {
				"north": {"uv": [0, 12, 1, 13], "texture": "#2"},
				"east": {"uv": [0, 12, 1, 13], "texture": "#2"},
				"south": {"uv": [0, 12, 1, 13], "texture": "#2"},
				"west": {"uv": [0, 12, 1, 13], "texture": "#2"},
				"up": {"uv": [0, 12, 1, 13], "texture": "#2"},
				"down": {"uv": [0, 12, 1, 13], "texture": "#2"}
			}
		},
		{
			"from": [15, 2, 3],
			"to": [15.9, 5, 13],
			"rotation": {"angle": 0, "axis": "y", "origin": [4, 1, 0]},
			"faces": {
				"north": {"uv": [0, 0, 16, 16], "rotation": 90, "texture": "#2"},
				"east": {"uv": [0, 0, 16, 16], "rotation": 90, "texture": "#2"},
				"south": {"uv": [0, 0, 16, 16], "rotation": 90, "texture": "#2"},
				"west": {"uv": [0, 0, 16, 16], "rotation": 90, "texture": "#2"},
				"up": {"uv": [0, 0, 16, 16], "rotation": 90, "texture": "#2"},
				"down": {"uv": [0, 0, 16, 16], "rotation": 90, "texture": "#2"}
			}
		},
		{
			"from": [8.8, 2, 2.1],
			"to": [15.2, 5, 3],
			"rotation": {"angle": 0, "axis": "y", "origin": [4, 1, 0]},
			"faces": {
				"north": {"uv": [0, 0, 16, 13], "rotation": 90, "texture": "#2"},
				"east": {"uv": [0, 0, 16, 13], "rotation": 90, "texture": "#2"},
				"south": {"uv": [0, 0, 16, 13], "rotation": 90, "texture": "#2"},
				"west": {"uv": [0, 0, 16, 13], "rotation": 90, "texture": "#2"},
				"up": {"uv": [0, 0, 16, 13], "rotation": 90, "texture": "#2"},
				"down": {"uv": [0, 0, 16, 13], "rotation": 90, "texture": "#2"}
			}
		},
		{
			"from": [8.8, 2, 13],
			"to": [15.2, 5, 13.9],
			"rotation": {"angle": 0, "axis": "y", "origin": [4, 1, 0]},
			"faces": {
				"north": {"uv": [0, 0, 16, 12], "rotation": 90, "texture": "#2"},
				"east": {"uv": [0, 0, 16, 12], "rotation": 90, "texture": "#2"},
				"south": {"uv": [0, 0, 16, 12], "rotation": 90, "texture": "#2"},
				"west": {"uv": [0, 0, 16, 12], "rotation": 90, "texture": "#2"},
				"up": {"uv": [0, 0, 16, 12], "rotation": 90, "texture": "#2"},
				"down": {"uv": [0, 0, 16, 12], "rotation": 90, "texture": "#2"}
			}
		},
		{
			"from": [8, 3, 13.7],
			"to": [16, 4, 14],
			"rotation": {"angle": 0, "axis": "y", "origin": [4, 1, 0]},
			"faces": {
				"north": {"uv": [0, 10, 8, 11], "texture": "#2"},
				"east": {"uv": [0, 10, 8, 11], "texture": "#2"},
				"south": {"uv": [0, 10, 8, 11], "texture": "#2"},
				"west": {"uv": [0, 10, 8, 11], "texture": "#2"},
				"up": {"uv": [0, 10, 8, 11], "texture": "#2"},
				"down": {"uv": [0, 10, 8, 11], "texture": "#2"}
			}
		},
		{
			"from": [8.3, 5, 7.7],
			"to": [8.8, 7, 13.2],
			"rotation": {"angle": 0, "axis": "y", "origin": [4, 1, 5]},
			"faces": {
				"north": {"uv": [0, 0, 0.5, 0.5], "rotation": 180, "texture": "#2"},
				"east": {"uv": [0, 0, 0.5, 0.5], "rotation": 180, "texture": "#2"},
				"south": {"uv": [0, 0, 0.5, 0.5], "rotation": 180, "texture": "#2"},
				"west": {"uv": [0, 0, 0.5, 0.5], "rotation": 180, "texture": "#2"},
				"up": {"uv": [0, 0, 0.5, 0.5], "rotation": 180, "texture": "#2"},
				"down": {"uv": [0, 0, 0.5, 0.5], "rotation": 180, "texture": "#2"}
			}
		},
		{
			"from": [15.3, 5, 7.7],
			"to": [15.8, 7, 13.2],
			"rotation": {"angle": 0, "axis": "y", "origin": [4, 1, 5]},
			"faces": {
				"north": {"uv": [0, 0, 0.5, 0.5], "rotation": 180, "texture": "#2"},
				"east": {"uv": [0, 0, 0.5, 0.5], "rotation": 180, "texture": "#2"},
				"south": {"uv": [0, 0, 0.5, 0.5], "rotation": 180, "texture": "#2"},
				"west": {"uv": [0, 0, 0.5, 0.5], "rotation": 180, "texture": "#2"},
				"up": {"uv": [0, 0, 0.5, 0.5], "rotation": 180, "texture": "#2"},
				"down": {"uv": [0, 0, 0.5, 0.5], "rotation": 180, "texture": "#2"}
			}
		},
		{
			"from": [11.6, 1.2, 7],
			"to": [13.6, 4.8, 9],
			"rotation": {"angle": 0, "axis": "y", "origin": [5, -0.2, 2]},
			"faces": {
				"north": {"uv": [1, 8, 3, 11.6], "texture": "#1"},
				"east": {"uv": [1, 8, 3, 11.6], "texture": "#1"},
				"south": {"uv": [1, 8, 3, 11.6], "texture": "#1"},
				"west": {"uv": [1, 8, 3, 11.6], "texture": "#1"},
				"up": {"uv": [1, 8, 3, 11.6], "texture": "#1"},
				"down": {"uv": [1, 8, 3, 11.6], "texture": "#1"}
			}
		},
		{
			"from": [11.6, 1.8, 6],
			"to": [13.6, 3.8, 10],
			"rotation": {"angle": 0, "axis": "y", "origin": [5, -0.2, 2]},
			"faces": {
				"north": {"uv": [1, 8, 3, 10], "texture": "#1"},
				"east": {"uv": [1, 8, 3, 10], "texture": "#1"},
				"south": {"uv": [1, 8, 3, 10], "texture": "#1"},
				"west": {"uv": [1, 8, 3, 10], "texture": "#1"},
				"up": {"uv": [1, 8, 3, 10], "texture": "#1"},
				"down": {"uv": [1, 8, 3, 10], "texture": "#1"}
			}
		},
		{
			"from": [10.6, 1.8, 7],
			"to": [14.6, 3.8, 9],
			"rotation": {"angle": 0, "axis": "y", "origin": [5, -0.2, 2]},
			"faces": {
				"north": {"uv": [1, 8, 5, 10], "texture": "#1"},
				"east": {"uv": [1, 8, 5, 10], "texture": "#1"},
				"south": {"uv": [1, 8, 5, 10], "texture": "#1"},
				"west": {"uv": [1, 8, 5, 10], "texture": "#1"},
				"up": {"uv": [1, 8, 5, 10], "texture": "#1"},
				"down": {"uv": [1, 8, 5, 10], "texture": "#1"}
			}
		},
		{
			"from": [8.1, 4.1, 10.1],
			"to": [12.1, 6.1, 12.1],
			"rotation": {"angle": 22.5, "axis": "y", "origin": [2.5, 2.1, 5.1]},
			"faces": {
				"north": {"uv": [1, 8, 5, 10], "texture": "#1"},
				"east": {"uv": [1, 8, 5, 10], "texture": "#1"},
				"south": {"uv": [1, 8, 5, 10], "texture": "#1"},
				"west": {"uv": [1, 8, 5, 10], "texture": "#1"},
				"up": {"uv": [1, 8, 5, 10], "texture": "#1"},
				"down": {"uv": [1, 8, 5, 10], "texture": "#1"}
			}
		},
		{
			"from": [9.1, 3.1, 10.1],
			"to": [11.1, 7.1, 12.1],
			"rotation": {"angle": 22.5, "axis": "y", "origin": [2.5, 2.1, 5.1]},
			"faces": {
				"north": {"uv": [1, 8, 3, 12], "texture": "#1"},
				"east": {"uv": [1, 8, 3, 12], "texture": "#1"},
				"south": {"uv": [1, 8, 3, 12], "texture": "#1"},
				"west": {"uv": [1, 8, 3, 12], "texture": "#1"},
				"up": {"uv": [1, 8, 3, 12], "texture": "#1"},
				"down": {"uv": [1, 8, 3, 12], "texture": "#1"}
			}
		},
		{
			"from": [9.1, 4.1, 9.1],
			"to": [11.1, 6.1, 13.1],
			"rotation": {"angle": 22.5, "axis": "y", "origin": [2.5, 2.1, 5.1]},
			"faces": {
				"north": {"uv": [1, 8, 3, 10], "texture": "#1"},
				"east": {"uv": [1, 8, 3, 10], "texture": "#1"},
				"south": {"uv": [1, 8, 3, 10], "texture": "#1"},
				"west": {"uv": [1, 8, 3, 10], "texture": "#1"},
				"up": {"uv": [1, 8, 3, 10], "texture": "#1"},
				"down": {"uv": [1, 8, 3, 10], "texture": "#1"}
			}
		},
		{
			"from": [14.3, 3.5, 4.7],
			"to": [16.3, 7.5, 6.7],
			"rotation": {"angle": 22.5, "axis": "z", "origin": [18.3, -2.1, -0.3]},
			"faces": {
				"north": {"uv": [1, 8, 5, 10], "rotation": 270, "texture": "#1"},
				"east": {"uv": [1, 8, 5, 10], "rotation": 270, "texture": "#1"},
				"south": {"uv": [1, 8, 5, 10], "rotation": 270, "texture": "#1"},
				"west": {"uv": [1, 8, 5, 10], "rotation": 270, "texture": "#1"},
				"up": {"uv": [1, 8, 5, 10], "rotation": 270, "texture": "#1"},
				"down": {"uv": [1, 8, 5, 10], "rotation": 270, "texture": "#1"}
			}
		},
		{
			"from": [13.3, 4.5, 4.7],
			"to": [17.3, 6.5, 6.7],
			"rotation": {"angle": 22.5, "axis": "z", "origin": [18.3, -2.1, -0.3]},
			"faces": {
				"north": {"uv": [1, 8, 3, 12], "rotation": 270, "texture": "#1"},
				"east": {"uv": [1, 8, 3, 12], "rotation": 270, "texture": "#1"},
				"south": {"uv": [1, 8, 3, 12], "rotation": 270, "texture": "#1"},
				"west": {"uv": [1, 8, 3, 12], "rotation": 270, "texture": "#1"},
				"up": {"uv": [1, 8, 3, 12], "rotation": 270, "texture": "#1"},
				"down": {"uv": [1, 8, 3, 12], "rotation": 270, "texture": "#1"}
			}
		},
		{
			"from": [14.3, 4.5, 3.7],
			"to": [16.3, 6.5, 7.7],
			"rotation": {"angle": 22.5, "axis": "z", "origin": [18.3, -2.1, -0.3]},
			"faces": {
				"north": {"uv": [1, 8, 3, 10], "rotation": 270, "texture": "#1"},
				"east": {"uv": [1, 8, 3, 10], "rotation": 270, "texture": "#1"},
				"south": {"uv": [1, 8, 3, 10], "rotation": 270, "texture": "#1"},
				"west": {"uv": [1, 8, 3, 10], "rotation": 270, "texture": "#1"},
				"up": {"uv": [1, 8, 3, 10], "rotation": 270, "texture": "#1"},
				"down": {"uv": [1, 8, 3, 10], "rotation": 270, "texture": "#1"}
			}
		},
		{
			"from": [9.3, -1.5, 12],
			"to": [13.3, 0.5, 14],
			"rotation": {"angle": -22.5, "axis": "x", "origin": [3, -3, 2]},
			"faces": {
				"north": {"uv": [1, 8, 5, 10], "texture": "#1"},
				"east": {"uv": [1, 8, 5, 10], "texture": "#1"},
				"south": {"uv": [1, 8, 5, 10], "texture": "#1"},
				"west": {"uv": [1, 8, 5, 10], "texture": "#1"},
				"up": {"uv": [1, 8, 5, 10], "texture": "#1"},
				"down": {"uv": [1, 8, 5, 10], "texture": "#1"}
			}
		},
		{
			"from": [10.3, -2.5, 12],
			"to": [12.3, 1.5, 14],
			"rotation": {"angle": -22.5, "axis": "x", "origin": [3, -3, 2]},
			"faces": {
				"north": {"uv": [1, 8, 3, 12], "texture": "#1"},
				"east": {"uv": [1, 8, 3, 12], "texture": "#1"},
				"south": {"uv": [1, 8, 3, 12], "texture": "#1"},
				"west": {"uv": [1, 8, 3, 12], "texture": "#1"},
				"up": {"uv": [1, 8, 3, 12], "texture": "#1"},
				"down": {"uv": [1, 8, 3, 12], "texture": "#1"}
			}
		},
		{
			"from": [10.3, -1.5, 11],
			"to": [12.3, 0.5, 14.7],
			"rotation": {"angle": -22.5, "axis": "x", "origin": [3, -3, 2]},
			"faces": {
				"north": {"uv": [1, 8, 3, 10], "texture": "#1"},
				"east": {"uv": [1, 8, 3, 10], "texture": "#1"},
				"south": {"uv": [1, 8, 3, 10], "texture": "#1"},
				"west": {"uv": [1, 8, 3, 10], "texture": "#1"},
				"up": {"uv": [1, 8, 3, 10], "texture": "#1"},
				"down": {"uv": [1, 8, 3, 10], "texture": "#1"}
			}
		},
		{
			"from": [10.3, -6.2, 1.3],
			"to": [12.3, -4.5, 5],
			"rotation": {"angle": 45, "axis": "x", "origin": [3, -3, 14]},
			"faces": {
				"north": {"uv": [1, 8, 3, 9.7], "rotation": 180, "texture": "#1"},
				"east": {"uv": [1, 8, 3, 9.7], "rotation": 180, "texture": "#1"},
				"south": {"uv": [1, 8, 3, 9.7], "rotation": 180, "texture": "#1"},
				"west": {"uv": [1, 8, 3, 9.7], "rotation": 180, "texture": "#1"},
				"up": {"uv": [1, 8, 3, 9.7], "rotation": 180, "texture": "#1"},
				"down": {"uv": [1, 8, 3, 9.7], "rotation": 180, "texture": "#1"}
			}
		},
		{
			"from": [9.3, -6.5, 2],
			"to": [13.3, -4.5, 4],
			"rotation": {"angle": 45, "axis": "x", "origin": [3, -3, 14]},
			"faces": {
				"north": {"uv": [1, 8, 5, 10], "rotation": 180, "texture": "#1"},
				"east": {"uv": [1, 8, 5, 10], "rotation": 180, "texture": "#1"},
				"south": {"uv": [1, 8, 5, 10], "rotation": 180, "texture": "#1"},
				"west": {"uv": [1, 8, 5, 10], "rotation": 180, "texture": "#1"},
				"up": {"uv": [1, 8, 5, 10], "rotation": 180, "texture": "#1"},
				"down": {"uv": [1, 8, 5, 10], "rotation": 180, "texture": "#1"}
			}
		},
		{
			"from": [10.3, -7.2, 2],
			"to": [12.3, -3.5, 4],
			"rotation": {"angle": 45, "axis": "x", "origin": [3, -3, 14]},
			"faces": {
				"north": {"uv": [1, 8, 3, 11.7], "rotation": 180, "texture": "#1"},
				"east": {"uv": [1, 8, 3, 11.7], "rotation": 180, "texture": "#1"},
				"south": {"uv": [1, 8, 3, 11.7], "rotation": 180, "texture": "#1"},
				"west": {"uv": [1, 8, 3, 11.7], "rotation": 180, "texture": "#1"},
				"up": {"uv": [1, 8, 3, 11.7], "rotation": 180, "texture": "#1"},
				"down": {"uv": [1, 8, 3, 11.7], "rotation": 180, "texture": "#1"}
			}
		},
		{
			"from": [0.3, 5, 13.2],
			"to": [7.8, 7, 13.7],
			"rotation": {"angle": 0, "axis": "y", "origin": [-4, 1, 11]},
			"faces": {
				"north": {"uv": [0, 0, 7.5, 0.5], "rotation": 180, "texture": "#2"},
				"east": {"uv": [0, 0, 7.5, 0.5], "rotation": 180, "texture": "#2"},
				"south": {"uv": [0, 0, 7.5, 0.5], "rotation": 180, "texture": "#2"},
				"west": {"uv": [0, 0, 7.5, 0.5], "rotation": 180, "texture": "#2"},
				"up": {"uv": [0, 0, 7.5, 0.5], "rotation": 180, "texture": "#2"},
				"down": {"uv": [0, 0, 7.5, 0.5], "rotation": 180, "texture": "#2"}
			}
		},
		{
			"from": [0, 1, 2],
			"to": [8, 2, 14],
			"rotation": {"angle": 0, "axis": "y", "origin": [-4, 1, 0]},
			"faces": {
				"north": {"uv": [0, 1, 8, 2], "texture": "#2"},
				"east": {"uv": [0, 1, 8, 2], "texture": "#2"},
				"south": {"uv": [0, 1, 8, 2], "texture": "#2"},
				"west": {"uv": [0, 1, 8, 2], "texture": "#2"},
				"up": {"uv": [0, 1, 8, 2], "texture": "#2"},
				"down": {"uv": [0, 1, 8, 2], "texture": "#2"}
			}
		},
		{
			"from": [0, 5, 2],
			"to": [1, 6, 14],
			"rotation": {"angle": 0, "axis": "y", "origin": [-4, 1, 0]},
			"faces": {
				"north": {"uv": [0, 1, 1, 2], "texture": "#2"},
				"east": {"uv": [0, 1, 1, 2], "texture": "#2"},
				"south": {"uv": [0, 1, 1, 2], "texture": "#2"},
				"west": {"uv": [0, 1, 1, 2], "texture": "#2"},
				"up": {"uv": [0, 1, 1, 2], "texture": "#2"},
				"down": {"uv": [0, 1, 1, 2], "texture": "#2"}
			}
		},
		{
			"from": [0.25, 2, 2.25],
			"to": [0.75, 5, 13.75],
			"rotation": {"angle": 0, "axis": "y", "origin": [-4, 1, 0]},
			"faces": {
				"north": {"uv": [0, 0, 0.5, 3], "texture": "#2"},
				"east": {"uv": [0, 0, 0.5, 3], "texture": "#2"},
				"south": {"uv": [0, 0, 0.5, 3], "texture": "#2"},
				"west": {"uv": [0, 0, 0.5, 3], "texture": "#2"},
				"up": {"uv": [0, 0, 0.5, 3], "texture": "#2"},
				"down": {"uv": [0, 0, 0.5, 3], "texture": "#2"}
			}
		},
		{
			"from": [7.25, 2, 2.25],
			"to": [7.75, 5, 13.75],
			"rotation": {"angle": 0, "axis": "y", "origin": [-4, 1, 0]},
			"faces": {
				"north": {"uv": [0, 0, 0.5, 3], "texture": "#2"},
				"east": {"uv": [0, 0, 0.5, 3], "texture": "#2"},
				"south": {"uv": [0, 0, 0.5, 3], "texture": "#2"},
				"west": {"uv": [0, 0, 0.5, 3], "texture": "#2"},
				"up": {"uv": [0, 0, 0.5, 3], "texture": "#2"},
				"down": {"uv": [0, 0, 0.5, 3], "texture": "#2"}
			}
		},
		{
			"from": [7, 5, 2],
			"to": [8, 6, 14],
			"rotation": {"angle": 0, "axis": "y", "origin": [-4, 1, 0]},
			"faces": {
				"north": {"uv": [0, 1, 1, 2], "texture": "#2"},
				"east": {"uv": [0, 1, 1, 2], "texture": "#2"},
				"south": {"uv": [0, 1, 1, 2], "texture": "#2"},
				"west": {"uv": [0, 1, 1, 2], "texture": "#2"},
				"up": {"uv": [0, 1, 1, 2], "texture": "#2"},
				"down": {"uv": [0, 1, 1, 2], "texture": "#2"}
			}
		},
		{
			"from": [0.75, 2, 2.25],
			"to": [7.25, 5, 2.75],
			"rotation": {"angle": 0, "axis": "y", "origin": [-4, 1, 0]},
			"faces": {
				"north": {"uv": [0, 0, 6.5, 3], "texture": "#2"},
				"east": {"uv": [0, 0, 6.5, 3], "texture": "#2"},
				"south": {"uv": [0, 0, 6.5, 3], "texture": "#2"},
				"west": {"uv": [0, 0, 6.5, 3], "texture": "#2"},
				"up": {"uv": [0, 0, 6.5, 3], "texture": "#2"},
				"down": {"uv": [0, 0, 6.5, 3], "texture": "#2"}
			}
		},
		{
			"from": [1.2, 2, 3],
			"to": [7, 5.3, 3.2],
			"rotation": {"angle": 0, "axis": "y", "origin": [-4, 1, 0]},
			"faces": {
				"north": {"uv": [0, 0, 5.8, 3], "texture": "#2"},
				"east": {"uv": [0, 0, 5.8, 3], "texture": "#2"},
				"south": {"uv": [0, 0, 5.8, 3], "texture": "#2"},
				"west": {"uv": [0, 0, 5.8, 3], "texture": "#2"},
				"up": {"uv": [0, 0, 5.8, 3], "texture": "#2"},
				"down": {"uv": [0, 0, 5.8, 3], "texture": "#2"}
			}
		},
		{
			"from": [1, 5, 13],
			"to": [7, 6, 14],
			"rotation": {"angle": 0, "axis": "y", "origin": [-4, 1, 0]},
			"faces": {
				"north": {"uv": [0, 1, 6, 2], "texture": "#2"},
				"east": {"uv": [0, 1, 6, 2], "texture": "#2"},
				"south": {"uv": [0, 1, 6, 2], "texture": "#2"},
				"west": {"uv": [0, 1, 6, 2], "texture": "#2"},
				"up": {"uv": [0, 1, 6, 2], "texture": "#2"},
				"down": {"uv": [0, 1, 6, 2], "texture": "#2"}
			}
		},
		{
			"from": [6.8, 2, 3.2],
			"to": [7.4, 5.3, 13],
			"rotation": {"angle": 0, "axis": "y", "origin": [-4, 1, 0]},
			"faces": {
				"north": {"uv": [0, 0, 0.6, 3], "texture": "#2"},
				"east": {"uv": [0, 0, 0.6, 3], "texture": "#2"},
				"south": {"uv": [0, 0, 0.6, 3], "texture": "#2"},
				"west": {"uv": [0, 0, 0.6, 3], "texture": "#2"},
				"up": {"uv": [0, 0, 0.6, 3], "texture": "#2"},
				"down": {"uv": [0, 0, 0.6, 3], "texture": "#2"}
			}
		},
		{
			"from": [1, 1.2, 12.8],
			"to": [6.8, 5.3, 13],
			"rotation": {"angle": 0, "axis": "y", "origin": [-4, 1, 0]},
			"faces": {
				"north": {"uv": [0, 0, 5.8, 3.8], "texture": "#2"},
				"east": {"uv": [0, 0, 5.8, 3.8], "texture": "#2"},
				"south": {"uv": [0, 0, 5.8, 3.8], "texture": "#2"},
				"west": {"uv": [0, 0, 5.8, 3.8], "texture": "#2"},
				"up": {"uv": [0, 0, 5.8, 3.8], "texture": "#2"},
				"down": {"uv": [0, 0, 5.8, 3.8], "texture": "#2"}
			}
		},
		{
			"from": [1, 2, 3],
			"to": [1.2, 5.3, 12.8],
			"rotation": {"angle": 0, "axis": "y", "origin": [-4, 1, 0]},
			"faces": {
				"north": {"uv": [0, 0, 0.2, 3], "texture": "#2"},
				"east": {"uv": [0, 0, 0.2, 3], "texture": "#2"},
				"south": {"uv": [0, 0, 0.2, 3], "texture": "#2"},
				"west": {"uv": [0, 0, 0.2, 3], "texture": "#2"},
				"up": {"uv": [0, 0, 0.2, 3], "texture": "#2"},
				"down": {"uv": [0, 0, 0.2, 3], "texture": "#2"}
			}
		},
		{
			"from": [1, 5, 2],
			"to": [7, 6, 3],
			"rotation": {"angle": 0, "axis": "y", "origin": [-4, 1, 0]},
			"faces": {
				"north": {"uv": [0, 1, 6, 2], "texture": "#2"},
				"east": {"uv": [0, 1, 6, 2], "texture": "#2"},
				"south": {"uv": [0, 1, 6, 2], "texture": "#2"},
				"west": {"uv": [0, 1, 6, 2], "texture": "#2"},
				"up": {"uv": [0, 1, 6, 2], "texture": "#2"},
				"down": {"uv": [0, 1, 6, 2], "texture": "#2"}
			}
		},
		{
			"from": [0.75, 2, 13.25],
			"to": [7.25, 5, 13.75],
			"rotation": {"angle": 0, "axis": "y", "origin": [-4, 1, 0]},
			"faces": {
				"north": {"uv": [0, 0, 6.5, 3], "texture": "#2"},
				"east": {"uv": [0, 0, 6.5, 3], "texture": "#2"},
				"south": {"uv": [0, 0, 6.5, 3], "texture": "#2"},
				"west": {"uv": [0, 0, 6.5, 3], "texture": "#2"},
				"up": {"uv": [0, 0, 6.5, 3], "texture": "#2"},
				"down": {"uv": [0, 0, 6.5, 3], "texture": "#2"}
			}
		},
		{
			"from": [0.1, 2, 3],
			"to": [1, 5, 13],
			"rotation": {"angle": 0, "axis": "y", "origin": [-4, 1, 0]},
			"faces": {
				"north": {"uv": [0, 0, 16, 15.9], "rotation": 90, "texture": "#2"},
				"east": {"uv": [0, 0, 16, 15.9], "rotation": 90, "texture": "#2"},
				"south": {"uv": [0, 0, 16, 15.9], "rotation": 90, "texture": "#2"},
				"west": {"uv": [0, 0, 16, 15.9], "rotation": 90, "texture": "#2"},
				"up": {"uv": [0, 0, 16, 15.9], "rotation": 90, "texture": "#2"},
				"down": {"uv": [0, 0, 16, 15.9], "rotation": 90, "texture": "#2"}
			}
		},
		{
			"from": [0, 3, 2.3],
			"to": [1, 4, 13.7],
			"rotation": {"angle": 0, "axis": "y", "origin": [-4, 1, 0]},
			"faces": {
				"north": {"uv": [0, 12, 1, 13], "texture": "#2"},
				"east": {"uv": [0, 12, 1, 13], "texture": "#2"},
				"south": {"uv": [0, 12, 1, 13], "texture": "#2"},
				"west": {"uv": [0, 12, 1, 13], "texture": "#2"},
				"up": {"uv": [0, 12, 1, 13], "texture": "#2"},
				"down": {"uv": [0, 12, 1, 13], "texture": "#2"}
			}
		},
		{
			"from": [0, 3, 2],
			"to": [8, 4, 2.3],
			"rotation": {"angle": 0, "axis": "y", "origin": [-4, 1, 0]},
			"faces": {
				"north": {"uv": [0, 10, 8, 11], "texture": "#2"},
				"east": {"uv": [0, 10, 8, 11], "texture": "#2"},
				"south": {"uv": [0, 10, 8, 11], "texture": "#2"},
				"west": {"uv": [0, 10, 8, 11], "texture": "#2"},
				"up": {"uv": [0, 10, 8, 11], "texture": "#2"},
				"down": {"uv": [0, 10, 8, 11], "texture": "#2"}
			}
		},
		{
			"from": [7, 3, 2.3],
			"to": [8, 4, 13.7],
			"rotation": {"angle": 0, "axis": "y", "origin": [-4, 1, 0]},
			"faces": {
				"north": {"uv": [0, 12, 1, 13], "texture": "#2"},
				"east": {"uv": [0, 12, 1, 13], "texture": "#2"},
				"south": {"uv": [0, 12, 1, 13], "texture": "#2"},
				"west": {"uv": [0, 12, 1, 13], "texture": "#2"},
				"up": {"uv": [0, 12, 1, 13], "texture": "#2"},
				"down": {"uv": [0, 12, 1, 13], "texture": "#2"}
			}
		},
		{
			"from": [7, 2, 3],
			"to": [7.9, 5, 13],
			"rotation": {"angle": 0, "axis": "y", "origin": [-4, 1, 0]},
			"faces": {
				"north": {"uv": [0, 0, 16, 16], "rotation": 90, "texture": "#2"},
				"east": {"uv": [0, 0, 16, 16], "rotation": 90, "texture": "#2"},
				"south": {"uv": [0, 0, 16, 16], "rotation": 90, "texture": "#2"},
				"west": {"uv": [0, 0, 16, 16], "rotation": 90, "texture": "#2"},
				"up": {"uv": [0, 0, 16, 16], "rotation": 90, "texture": "#2"},
				"down": {"uv": [0, 0, 16, 16], "rotation": 90, "texture": "#2"}
			}
		},
		{
			"from": [0.8, 2, 2.1],
			"to": [7.2, 5, 3],
			"rotation": {"angle": 0, "axis": "y", "origin": [-4, 1, 0]},
			"faces": {
				"north": {"uv": [0, 0, 16, 13], "rotation": 90, "texture": "#2"},
				"east": {"uv": [0, 0, 16, 13], "rotation": 90, "texture": "#2"},
				"south": {"uv": [0, 0, 16, 13], "rotation": 90, "texture": "#2"},
				"west": {"uv": [0, 0, 16, 13], "rotation": 90, "texture": "#2"},
				"up": {"uv": [0, 0, 16, 13], "rotation": 90, "texture": "#2"},
				"down": {"uv": [0, 0, 16, 13], "rotation": 90, "texture": "#2"}
			}
		},
		{
			"from": [0.8, 2, 13],
			"to": [7.2, 5, 13.9],
			"rotation": {"angle": 0, "axis": "y", "origin": [-4, 1, 0]},
			"faces": {
				"north": {"uv": [0, 0, 16, 12], "rotation": 90, "texture": "#2"},
				"east": {"uv": [0, 0, 16, 12], "rotation": 90, "texture": "#2"},
				"south": {"uv": [0, 0, 16, 12], "rotation": 90, "texture": "#2"},
				"west": {"uv": [0, 0, 16, 12], "rotation": 90, "texture": "#2"},
				"up": {"uv": [0, 0, 16, 12], "rotation": 90, "texture": "#2"},
				"down": {"uv": [0, 0, 16, 12], "rotation": 90, "texture": "#2"}
			}
		},
		{
			"from": [0, 3, 13.7],
			"to": [8, 4, 14],
			"rotation": {"angle": 0, "axis": "y", "origin": [-4, 1, 0]},
			"faces": {
				"north": {"uv": [0, 10, 8, 11], "texture": "#2"},
				"east": {"uv": [0, 10, 8, 11], "texture": "#2"},
				"south": {"uv": [0, 10, 8, 11], "texture": "#2"},
				"west": {"uv": [0, 10, 8, 11], "texture": "#2"},
				"up": {"uv": [0, 10, 8, 11], "texture": "#2"},
				"down": {"uv": [0, 10, 8, 11], "texture": "#2"}
			}
		},
		{
			"from": [0.3, 5, 7.7],
			"to": [0.8, 7, 13.2],
			"rotation": {"angle": 0, "axis": "y", "origin": [-4, 1, 5]},
			"faces": {
				"north": {"uv": [0, 0, 0.5, 0.5], "rotation": 180, "texture": "#2"},
				"east": {"uv": [0, 0, 0.5, 0.5], "rotation": 180, "texture": "#2"},
				"south": {"uv": [0, 0, 0.5, 0.5], "rotation": 180, "texture": "#2"},
				"west": {"uv": [0, 0, 0.5, 0.5], "rotation": 180, "texture": "#2"},
				"up": {"uv": [0, 0, 0.5, 0.5], "rotation": 180, "texture": "#2"},
				"down": {"uv": [0, 0, 0.5, 0.5], "rotation": 180, "texture": "#2"}
			}
		},
		{
			"from": [7.3, 5, 7.7],
			"to": [7.8, 7, 13.2],
			"rotation": {"angle": 0, "axis": "y", "origin": [-4, 1, 5]},
			"faces": {
				"north": {"uv": [0, 0, 0.5, 0.5], "rotation": 180, "texture": "#2"},
				"east": {"uv": [0, 0, 0.5, 0.5], "rotation": 180, "texture": "#2"},
				"south": {"uv": [0, 0, 0.5, 0.5], "rotation": 180, "texture": "#2"},
				"west": {"uv": [0, 0, 0.5, 0.5], "rotation": 180, "texture": "#2"},
				"up": {"uv": [0, 0, 0.5, 0.5], "rotation": 180, "texture": "#2"},
				"down": {"uv": [0, 0, 0.5, 0.5], "rotation": 180, "texture": "#2"}
			}
		},
		{
			"from": [3.6, 1.2, 7],
			"to": [5.6, 4.8, 9],
			"rotation": {"angle": 0, "axis": "y", "origin": [-3, -0.2, 2]},
			"faces": {
				"north": {"uv": [1, 8, 3, 11.6], "texture": "#1"},
				"east": {"uv": [1, 8, 3, 11.6], "texture": "#1"},
				"south": {"uv": [1, 8, 3, 11.6], "texture": "#1"},
				"west": {"uv": [1, 8, 3, 11.6], "texture": "#1"},
				"up": {"uv": [1, 8, 3, 11.6], "texture": "#1"},
				"down": {"uv": [1, 8, 3, 11.6], "texture": "#1"}
			}
		},
		{
			"from": [3.6, 1.8, 6],
			"to": [5.6, 3.8, 10],
			"rotation": {"angle": 0, "axis": "y", "origin": [-3, -0.2, 2]},
			"faces": {
				"north": {"uv": [1, 8, 3, 10], "texture": "#1"},
				"east": {"uv": [1, 8, 3, 10], "texture": "#1"},
				"south": {"uv": [1, 8, 3, 10], "texture": "#1"},
				"west": {"uv": [1, 8, 3, 10], "texture": "#1"},
				"up": {"uv": [1, 8, 3, 10], "texture": "#1"},
				"down": {"uv": [1, 8, 3, 10], "texture": "#1"}
			}
		},
		{
			"from": [2.6, 1.8, 7],
			"to": [6.6, 3.8, 9],
			"rotation": {"angle": 0, "axis": "y", "origin": [-3, -0.2, 2]},
			"faces": {
				"north": {"uv": [1, 8, 5, 10], "texture": "#1"},
				"east": {"uv": [1, 8, 5, 10], "texture": "#1"},
				"south": {"uv": [1, 8, 5, 10], "texture": "#1"},
				"west": {"uv": [1, 8, 5, 10], "texture": "#1"},
				"up": {"uv": [1, 8, 5, 10], "texture": "#1"},
				"down": {"uv": [1, 8, 5, 10], "texture": "#1"}
			}
		},
		{
			"from": [0.1, 4.1, 10.1],
			"to": [4.1, 6.1, 12.1],
			"rotation": {"angle": 22.5, "axis": "y", "origin": [-5.5, 2.1, 5.1]},
			"faces": {
				"north": {"uv": [1, 8, 5, 10], "texture": "#1"},
				"east": {"uv": [1, 8, 5, 10], "texture": "#1"},
				"south": {"uv": [1, 8, 5, 10], "texture": "#1"},
				"west": {"uv": [1, 8, 5, 10], "texture": "#1"},
				"up": {"uv": [1, 8, 5, 10], "texture": "#1"},
				"down": {"uv": [1, 8, 5, 10], "texture": "#1"}
			}
		},
		{
			"from": [1.1, 3.1, 10.1],
			"to": [3.1, 7.1, 12.1],
			"rotation": {"angle": 22.5, "axis": "y", "origin": [-5.5, 2.1, 5.1]},
			"faces": {
				"north": {"uv": [1, 8, 3, 12], "texture": "#1"},
				"east": {"uv": [1, 8, 3, 12], "texture": "#1"},
				"south": {"uv": [1, 8, 3, 12], "texture": "#1"},
				"west": {"uv": [1, 8, 3, 12], "texture": "#1"},
				"up": {"uv": [1, 8, 3, 12], "texture": "#1"},
				"down": {"uv": [1, 8, 3, 12], "texture": "#1"}
			}
		},
		{
			"from": [1.1, 4.1, 9.1],
			"to": [3.1, 6.1, 13.1],
			"rotation": {"angle": 22.5, "axis": "y", "origin": [-5.5, 2.1, 5.1]},
			"faces": {
				"north": {"uv": [1, 8, 3, 10], "texture": "#1"},
				"east": {"uv": [1, 8, 3, 10], "texture": "#1"},
				"south": {"uv": [1, 8, 3, 10], "texture": "#1"},
				"west": {"uv": [1, 8, 3, 10], "texture": "#1"},
				"up": {"uv": [1, 8, 3, 10], "texture": "#1"},
				"down": {"uv": [1, 8, 3, 10], "texture": "#1"}
			}
		},
		{
			"from": [6.3, 3.5, 4.7],
			"to": [8.3, 7.5, 6.7],
			"rotation": {"angle": 22.5, "axis": "z", "origin": [10.3, -2.1, -0.3]},
			"faces": {
				"north": {"uv": [1, 8, 5, 10], "rotation": 270, "texture": "#1"},
				"east": {"uv": [1, 8, 5, 10], "rotation": 270, "texture": "#1"},
				"south": {"uv": [1, 8, 5, 10], "rotation": 270, "texture": "#1"},
				"west": {"uv": [1, 8, 5, 10], "rotation": 270, "texture": "#1"},
				"up": {"uv": [1, 8, 5, 10], "rotation": 270, "texture": "#1"},
				"down": {"uv": [1, 8, 5, 10], "rotation": 270, "texture": "#1"}
			}
		},
		{
			"from": [5.3, 4.5, 4.7],
			"to": [9.3, 6.5, 6.7],
			"rotation": {"angle": 22.5, "axis": "z", "origin": [10.3, -2.1, -0.3]},
			"faces": {
				"north": {"uv": [1, 8, 3, 12], "rotation": 270, "texture": "#1"},
				"east": {"uv": [1, 8, 3, 12], "rotation": 270, "texture": "#1"},
				"south": {"uv": [1, 8, 3, 12], "rotation": 270, "texture": "#1"},
				"west": {"uv": [1, 8, 3, 12], "rotation": 270, "texture": "#1"},
				"up": {"uv": [1, 8, 3, 12], "rotation": 270, "texture": "#1"},
				"down": {"uv": [1, 8, 3, 12], "rotation": 270, "texture": "#1"}
			}
		},
		{
			"from": [6.3, 4.5, 3.7],
			"to": [8.3, 6.5, 7.7],
			"rotation": {"angle": 22.5, "axis": "z", "origin": [10.3, -2.1, -0.3]},
			"faces": {
				"north": {"uv": [1, 8, 3, 10], "rotation": 270, "texture": "#1"},
				"east": {"uv": [1, 8, 3, 10], "rotation": 270, "texture": "#1"},
				"south": {"uv": [1, 8, 3, 10], "rotation": 270, "texture": "#1"},
				"west": {"uv": [1, 8, 3, 10], "rotation": 270, "texture": "#1"},
				"up": {"uv": [1, 8, 3, 10], "rotation": 270, "texture": "#1"},
				"down": {"uv": [1, 8, 3, 10], "rotation": 270, "texture": "#1"}
			}
		},
		{
			"from": [1.3, -1.5, 12],
			"to": [5.3, 0.5, 14],
			"rotation": {"angle": -22.5, "axis": "x", "origin": [-5, -3, 2]},
			"faces": {
				"north": {"uv": [1, 8, 5, 10], "texture": "#1"},
				"east": {"uv": [1, 8, 5, 10], "texture": "#1"},
				"south": {"uv": [1, 8, 5, 10], "texture": "#1"},
				"west": {"uv": [1, 8, 5, 10], "texture": "#1"},
				"up": {"uv": [1, 8, 5, 10], "texture": "#1"},
				"down": {"uv": [1, 8, 5, 10], "texture": "#1"}
			}
		},
		{
			"from": [2.3, -2.5, 12],
			"to": [4.3, 1.5, 14],
			"rotation": {"angle": -22.5, "axis": "x", "origin": [-5, -3, 2]},
			"faces": {
				"north": {"uv": [1, 8, 3, 12], "texture": "#1"},
				"east": {"uv": [1, 8, 3, 12], "texture": "#1"},
				"south": {"uv": [1, 8, 3, 12], "texture": "#1"},
				"west": {"uv": [1, 8, 3, 12], "texture": "#1"},
				"up": {"uv": [1, 8, 3, 12], "texture": "#1"},
				"down": {"uv": [1, 8, 3, 12], "texture": "#1"}
			}
		},
		{
			"from": [2.3, -1.5, 11],
			"to": [4.3, 0.5, 14.7],
			"rotation": {"angle": -22.5, "axis": "x", "origin": [-5, -3, 2]},
			"faces": {
				"north": {"uv": [1, 8, 3, 10], "texture": "#1"},
				"east": {"uv": [1, 8, 3, 10], "texture": "#1"},
				"south": {"uv": [1, 8, 3, 10], "texture": "#1"},
				"west": {"uv": [1, 8, 3, 10], "texture": "#1"},
				"up": {"uv": [1, 8, 3, 10], "texture": "#1"},
				"down": {"uv": [1, 8, 3, 10], "texture": "#1"}
			}
		},
		{
			"from": [2.3, -6.2, 1.3],
			"to": [4.3, -4.5, 5],
			"rotation": {"angle": 45, "axis": "x", "origin": [-5, -3, 14]},
			"faces": {
				"north": {"uv": [1, 8, 3, 9.7], "rotation": 180, "texture": "#1"},
				"east": {"uv": [1, 8, 3, 9.7], "rotation": 180, "texture": "#1"},
				"south": {"uv": [1, 8, 3, 9.7], "rotation": 180, "texture": "#1"},
				"west": {"uv": [1, 8, 3, 9.7], "rotation": 180, "texture": "#1"},
				"up": {"uv": [1, 8, 3, 9.7], "rotation": 180, "texture": "#1"},
				"down": {"uv": [1, 8, 3, 9.7], "rotation": 180, "texture": "#1"}
			}
		},
		{
			"from": [1.3, -6.5, 2],
			"to": [5.3, -4.5, 4],
			"rotation": {"angle": 45, "axis": "x", "origin": [-5, -3, 14]},
			"faces": {
				"north": {"uv": [1, 8, 5, 10], "rotation": 180, "texture": "#1"},
				"east": {"uv": [1, 8, 5, 10], "rotation": 180, "texture": "#1"},
				"south": {"uv": [1, 8, 5, 10], "rotation": 180, "texture": "#1"},
				"west": {"uv": [1, 8, 5, 10], "rotation": 180, "texture": "#1"},
				"up": {"uv": [1, 8, 5, 10], "rotation": 180, "texture": "#1"},
				"down": {"uv": [1, 8, 5, 10], "rotation": 180, "texture": "#1"}
			}
		},
		{
			"from": [2.3, -7.2, 2],
			"to": [4.3, -3.5, 4],
			"rotation": {"angle": 45, "axis": "x", "origin": [-5, -3, 14]},
			"faces": {
				"north": {"uv": [1, 8, 3, 11.7], "rotation": 180, "texture": "#1"},
				"east": {"uv": [1, 8, 3, 11.7], "rotation": 180, "texture": "#1"},
				"south": {"uv": [1, 8, 3, 11.7], "rotation": 180, "texture": "#1"},
				"west": {"uv": [1, 8, 3, 11.7], "rotation": 180, "texture": "#1"},
				"up": {"uv": [1, 8, 3, 11.7], "rotation": 180, "texture": "#1"},
				"down": {"uv": [1, 8, 3, 11.7], "rotation": 180, "texture": "#1"}
			}
		}
	],
	"display": {
		"thirdperson_righthand": {
			"translation": [0, 2, 0],
			"scale": [0.25, 0.25, 0.25]
		},
		"thirdperson_lefthand": {
			"scale": [0.25, 0.25, 0.25]
		},
		"firstperson_righthand": {
			"scale": [0.25, 0.25, 0.25]
		},
		"firstperson_lefthand": {
			"scale": [0.25, 0.25, 0.25]
		},
		"ground": {
			"scale": [0.25, 0.25, 0.25]
		},
		"gui": {
			"rotation": [11, -145, 0],
			"translation": [0, -3.75, 0],
			"scale": [0.5, 0.5, 0.5]
		},
		"fixed": {
			"translation": [0, -4, -5.25],
			"scale": [0.5, 0.5, 0.5]
		}
	},
	"groups": [
		{
			"name": "VoxelShapes",
			"origin": [0, 1, 0],
			"color": 0,
			"children": [0, 1, 2, 3, 4]
		},
		5,
		6,
		7,
		8,
		{
			"name": "group",
			"origin": [0, 0, 0],
			"color": 0,
			"children": [
				{
					"name": "basket",
					"origin": [0, 0, 0],
					"color": 0,
					"children": [9, 10, 11, 12, 13, 14, 15, 16, 17, 18, 19, 20, 21, 22, 23, 24, 25, 26, 27, 28, 29, 30, 31, 32]
				},
				{
					"name": "oignions",
					"origin": [-1, -4, 14],
					"color": 0,
					"children": [33, 34, 35, 36, 37, 38, 39, 40, 41, 42, 43, 44, 45, 46, 47]
				}
			]
		},
		{
			"name": "group",
			"origin": [0, 0, 0],
			"color": 0,
			"children": [
				{
					"name": "basket",
					"origin": [0, 0, 0],
					"color": 0,
					"children": [48, 49, 50, 51, 52, 53, 54, 55, 56, 57, 58, 59, 60, 61, 62, 63, 64, 65, 66, 67, 68, 69, 70, 71]
				},
				{
					"name": "oignions",
					"origin": [-1, -4, 14],
					"color": 0,
					"children": [72, 73, 74, 75, 76, 77, 78, 79, 80, 81, 82, 83, 84, 85, 86]
				}
			]
		}
	]
}