{
	"credit": "Made with Blockbench",
	"textures": {
		"0": "springnions:block/soyplant",
		"2": "springnions:block/soybeangrowth",
		"particle": "springnions:block/soyplant"
	},
	"elements": [
		{
			"from": [8, 0, 8.1],
			"to": [8.3, 5.1, 8.25],
			"rotation": {"angle": 0, "axis": "y", "origin": [3, 0, 0]},
			"faces": {
				"north": {"uv": [3, 15, 3.25, 16], "texture": "#0"},
				"east": {"uv": [3, 15, 3.25, 16], "texture": "#0"},
				"south": {"uv": [4, 15, 4.25, 16], "texture": "#0"},
				"west": {"uv": [3, 15, 3.25, 16], "texture": "#0"},
				"up": {"uv": [4, 15, 4.25, 16], "texture": "#0"},
				"down": {"uv": [4, 15, 4.25, 16], "texture": "#0"}
			}
		},
		{
			"from": [8, 5.1, 8.15],
			"to": [8.3, 6.1, 8.3],
			"rotation": {"angle": 0, "axis": "y", "origin": [3, 3.1, 0.1]},
			"faces": {
				"north": {"uv": [0, 15, 0.25, 16], "texture": "#0"},
				"east": {"uv": [0, 15, 0.25, 16], "texture": "#0"},
				"south": {"uv": [0, 15, 0.25, 16], "texture": "#0"},
				"west": {"uv": [0, 15, 0.25, 16], "texture": "#0"},
				"up": {"uv": [0, 15, 0.25, 16], "texture": "#0"},
				"down": {"uv": [0, 15, 0.25, 16], "texture": "#0"}
			}
		},
		{
			"from": [8.6, 1, 7.9],
			"to": [9.6, 1.2, 8.6],
			"rotation": {"angle": 0, "axis": "y", "origin": [16.6, 10, 13.9]},
			"faces": {
				"north": {"uv": [0, 15, 1, 15.2], "texture": "#0"},
				"east": {"uv": [0, 15, 0.7, 15.2], "texture": "#0"},
				"south": {"uv": [0, 15, 1, 15.2], "texture": "#0"},
				"west": {"uv": [0, 15, 0.7, 15.2], "texture": "#0"},
				"up": {"uv": [0, 14, 1, 15], "texture": "#0"},
				"down": {"uv": [0, 15, 1, 15.7], "texture": "#0"}
			}
		},
		{
			"from": [6.8, 2, 7.9],
			"to": [7.8, 2.2, 8.6],
			"rotation": {"angle": 0, "axis": "y", "origin": [7.8, 3.5, 6.36]},
			"faces": {
				"north": {"uv": [0, 15, 1, 15.2], "texture": "#0"},
				"east": {"uv": [0, 15, 0.7, 15.2], "texture": "#0"},
				"south": {"uv": [0, 15, 1, 15.2], "texture": "#0"},
				"west": {"uv": [0, 15, 0.7, 15.2], "texture": "#0"},
				"up": {"uv": [0, 14, 1, 15], "rotation": 180, "texture": "#0"},
				"down": {"uv": [0, 15, 1, 15.7], "rotation": 180, "texture": "#0"}
			}
		},
		{
			"from": [7.94, 1.5, 8.76],
			"to": [8.64, 1.7, 9.76],
			"rotation": {"angle": 0, "axis": "y", "origin": [8.4, 2, 8.76]},
			"faces": {
				"north": {"uv": [0, 15, 1, 15.2], "texture": "#0"},
				"east": {"uv": [0, 15, 0.7, 15.2], "texture": "#0"},
				"south": {"uv": [0, 15, 1, 15.2], "texture": "#0"},
				"west": {"uv": [0, 15, 0.7, 15.2], "texture": "#0"},
				"up": {"uv": [0, 14, 1, 15], "rotation": 90, "texture": "#0"},
				"down": {"uv": [0, 15, 1, 15.7], "rotation": 270, "texture": "#0"}
			}
		},
		{
			"from": [8, 3, 8.9],
			"to": [8.7, 3.2, 9.7],
			"rotation": {"angle": 0, "axis": "y", "origin": [8.8, 4.5, 7.36]},
			"faces": {
				"north": {"uv": [0, 15, 1, 15.2], "texture": "#0"},
				"east": {"uv": [0, 15, 0.7, 15.2], "texture": "#0"},
				"south": {"uv": [0, 15, 1, 15.2], "texture": "#0"},
				"west": {"uv": [0, 15, 0.7, 15.2], "texture": "#0"},
				"up": {"uv": [0, 14, 1, 15], "rotation": 180, "texture": "#0"},
				"down": {"uv": [0, 15, 1, 15.7], "rotation": 180, "texture": "#0"}
			}
		},
		{
			"from": [9.14, 3.5, 7.86],
			"to": [9.94, 3.7, 8.56],
			"rotation": {"angle": 0, "axis": "y", "origin": [7.6, 5, 7.76]},
			"faces": {
				"north": {"uv": [0, 15, 1, 15.2], "texture": "#0"},
				"east": {"uv": [0, 15, 0.7, 15.2], "texture": "#0"},
				"south": {"uv": [0, 15, 1, 15.2], "texture": "#0"},
				"west": {"uv": [0, 15, 0.7, 15.2], "texture": "#0"},
				"up": {"uv": [0, 14, 1, 15], "rotation": 90, "texture": "#0"},
				"down": {"uv": [0, 15, 1, 15.7], "rotation": 270, "texture": "#0"}
			}
		},
		{
			"from": [8.84, 5.5, 7.26],
			"to": [9.64, 5.7, 7.96],
			"rotation": {"angle": -45, "axis": "y", "origin": [7.6, 7, 7.76]},
			"faces": {
				"north": {"uv": [0, 15, 1, 15.2], "texture": "#0"},
				"east": {"uv": [0, 15, 0.7, 15.2], "texture": "#0"},
				"south": {"uv": [0, 15, 1, 15.2], "texture": "#0"},
				"west": {"uv": [0, 15, 0.7, 15.2], "texture": "#0"},
				"up": {"uv": [0, 14, 1, 15], "rotation": 90, "texture": "#0"},
				"down": {"uv": [0, 15, 1, 15.7], "rotation": 270, "texture": "#0"}
			}
		},
		{
			"from": [6.84, 4.25, 7.26],
			"to": [7.64, 4.45, 7.96],
			"rotation": {"angle": -45, "axis": "y", "origin": [7.6, 7, 7.76]},
			"faces": {
				"north": {"uv": [0, 15, 1, 15.2], "texture": "#0"},
				"east": {"uv": [0, 15, 0.7, 15.2], "texture": "#0"},
				"south": {"uv": [0, 15, 1, 15.2], "texture": "#0"},
				"west": {"uv": [0, 15, 0.7, 15.2], "texture": "#0"},
				"up": {"uv": [0, 14, 1, 15], "rotation": 90, "texture": "#0"},
				"down": {"uv": [0, 15, 1, 15.7], "rotation": 270, "texture": "#0"}
			}
		},
		{
			"from": [8, 4, 6.8],
			"to": [8.7, 4.2, 7.6],
			"rotation": {"angle": 0, "axis": "y", "origin": [8.8, 5.5, 5.06]},
			"faces": {
				"north": {"uv": [0, 15, 1, 15.2], "texture": "#0"},
				"east": {"uv": [0, 15, 0.7, 15.2], "texture": "#0"},
				"south": {"uv": [0, 15, 1, 15.2], "texture": "#0"},
				"west": {"uv": [0, 15, 0.7, 15.2], "texture": "#0"},
				"up": {"uv": [0, 14, 1, 15], "rotation": 180, "texture": "#0"},
				"down": {"uv": [0, 15, 1, 15.7], "rotation": 180, "texture": "#0"}
			}
		},
		{
			"from": [8.1, 1, 8.2],
			"to": [8.8, 1.15, 8.3],
			"rotation": {"angle": 0, "axis": "y", "origin": [15.1, 10, 13.9]},
			"faces": {
				"north": {"uv": [0, 15, 2, 15.5], "texture": "#0"},
				"east": {"uv": [0, 15, 0.4, 15.15], "texture": "#0"},
				"south": {"uv": [0, 15, 1, 15.15], "texture": "#0"},
				"west": {"uv": [0, 15, 0.4, 15.15], "texture": "#0"},
				"up": {"uv": [2, 15, 3, 15.4], "texture": "#0"},
				"down": {"uv": [0, 15, 1, 15.4], "texture": "#0"}
			}
		},
		{
			"from": [7.7, 2, 8.2],
			"to": [8.4, 2.15, 8.3],
			"rotation": {"angle": 0, "axis": "y", "origin": [8.7, 3.5, 6.5]},
			"faces": {
				"north": {"uv": [0, 15, 2, 15.5], "texture": "#0"},
				"east": {"uv": [0, 15, 0.4, 15.15], "texture": "#0"},
				"south": {"uv": [0, 15, 1, 15.15], "texture": "#0"},
				"west": {"uv": [0, 15, 0.4, 15.15], "texture": "#0"},
				"up": {"uv": [2, 15, 3, 15.4], "rotation": 180, "texture": "#0"},
				"down": {"uv": [0, 15, 1, 15.4], "rotation": 180, "texture": "#0"}
			}
		},
		{
			"from": [8.1, 1.5, 8.2],
			"to": [8.2, 1.65, 9.1],
			"rotation": {"angle": 0, "axis": "y", "origin": [8.4, 2, 8.9]},
			"faces": {
				"north": {"uv": [0, 15, 2, 15.5], "texture": "#0"},
				"east": {"uv": [0, 15, 0.4, 15.15], "texture": "#0"},
				"south": {"uv": [0, 15, 1, 15.15], "texture": "#0"},
				"west": {"uv": [0, 15, 0.4, 15.15], "texture": "#0"},
				"up": {"uv": [2, 15, 3, 15.4], "rotation": 90, "texture": "#0"},
				"down": {"uv": [0, 15, 1, 15.4], "rotation": 270, "texture": "#0"}
			}
		},
		{
			"from": [8.1, 3, 8.1],
			"to": [8.2, 3.15, 9],
			"rotation": {"angle": 0, "axis": "y", "origin": [8.7, 4.5, 6.5]},
			"faces": {
				"north": {"uv": [0, 15, 2, 15.5], "texture": "#0"},
				"east": {"uv": [0, 15, 0.4, 15.15], "texture": "#0"},
				"south": {"uv": [0, 15, 1, 15.15], "texture": "#0"},
				"west": {"uv": [0, 15, 0.4, 15.15], "texture": "#0"},
				"up": {"uv": [2, 15, 3, 15.4], "rotation": 180, "texture": "#0"},
				"down": {"uv": [0, 15, 1, 15.4], "rotation": 180, "texture": "#0"}
			}
		},
		{
			"from": [8.1, 3.5, 8],
			"to": [9.4, 3.65, 8.1],
			"rotation": {"angle": 0, "axis": "y", "origin": [8.7, 5, 6.5]},
			"faces": {
				"north": {"uv": [0, 15, 2, 15.5], "texture": "#0"},
				"east": {"uv": [0, 15, 0.4, 15.15], "texture": "#0"},
				"south": {"uv": [0, 15, 1, 15.15], "texture": "#0"},
				"west": {"uv": [0, 15, 0.4, 15.15], "texture": "#0"},
				"up": {"uv": [2, 15, 3, 15.4], "rotation": 180, "texture": "#0"},
				"down": {"uv": [0, 15, 1, 15.4], "rotation": 180, "texture": "#0"}
			}
		},
		{
			"from": [9.2, 5.5, 9.1],
			"to": [10.4, 5.65, 9.2],
			"rotation": {"angle": -45, "axis": "y", "origin": [9.8, 7, 7.5]},
			"faces": {
				"north": {"uv": [0, 15, 2, 15.5], "texture": "#0"},
				"east": {"uv": [0, 15, 0.4, 15.15], "texture": "#0"},
				"south": {"uv": [0, 15, 1, 15.15], "texture": "#0"},
				"west": {"uv": [0, 15, 0.4, 15.15], "texture": "#0"},
				"up": {"uv": [2, 15, 3, 15.4], "rotation": 180, "texture": "#0"},
				"down": {"uv": [0, 15, 1, 15.4], "rotation": 180, "texture": "#0"}
			}
		},
		{
			"from": [7.95, 4.25, 9.1],
			"to": [9.15, 4.4, 9.2],
			"rotation": {"angle": -45, "axis": "y", "origin": [9.8, 7, 7.5]},
			"faces": {
				"north": {"uv": [0, 15, 2, 15.5], "texture": "#0"},
				"east": {"uv": [0, 15, 0.4, 15.15], "texture": "#0"},
				"south": {"uv": [0, 15, 1, 15.15], "texture": "#0"},
				"west": {"uv": [0, 15, 0.4, 15.15], "texture": "#0"},
				"up": {"uv": [2, 15, 3, 15.4], "rotation": 180, "texture": "#0"},
				"down": {"uv": [0, 15, 1, 15.4], "rotation": 180, "texture": "#0"}
			}
		},
		{
			"from": [8.1, 4, 7.3],
			"to": [8.2, 4.15, 8.2],
			"rotation": {"angle": 0, "axis": "y", "origin": [8.7, 5.5, 5.7]},
			"faces": {
				"north": {"uv": [0, 15, 2, 15.5], "texture": "#0"},
				"east": {"uv": [0, 15, 0.4, 15.15], "texture": "#0"},
				"south": {"uv": [0, 15, 1, 15.15], "texture": "#0"},
				"west": {"uv": [0, 15, 0.4, 15.15], "texture": "#0"},
				"up": {"uv": [2, 15, 3, 15.4], "rotation": 180, "texture": "#0"},
				"down": {"uv": [0, 15, 1, 15.4], "rotation": 180, "texture": "#0"}
			}
		},
		{
			"from": [8.3, 2.2, 8],
			"to": [8.6, 2.8, 8.3],
			"rotation": {"angle": 0, "axis": "y", "origin": [16.3, 10, 16]},
			"faces": {
				"north": {"uv": [8, 0, 16, 16], "texture": "#2"},
				"east": {"uv": [8, 0, 16, 16], "texture": "#2"},
				"south": {"uv": [8, 0, 16, 16], "texture": "#2"},
				"west": {"uv": [8, 0, 16, 16], "texture": "#2"},
				"up": {"uv": [13, 13, 16, 16], "texture": "#2"},
				"down": {"uv": [13, 0, 16, 3], "texture": "#2"}
			}
		},
		{
			"from": [8.1, 3.2, 8.2],
			"to": [8.4, 3.8, 8.5],
			"rotation": {"angle": 0, "axis": "y", "origin": [16.1, 11, 16.2]},
			"faces": {
				"north": {"uv": [8, 0, 16, 16], "texture": "#2"},
				"east": {"uv": [8, 0, 16, 16], "texture": "#2"},
				"south": {"uv": [8, 0, 16, 16], "texture": "#2"},
				"west": {"uv": [8, 0, 16, 16], "texture": "#2"},
				"up": {"uv": [13, 13, 16, 16], "texture": "#2"},
				"down": {"uv": [13, 0, 16, 3], "texture": "#2"}
			}
		},
		{
			"from": [7.8, 3.9, 8.2],
			"to": [8.2, 4.9, 8.6],
			"rotation": {"angle": 0, "axis": "y", "origin": [16.1, 11, 16.2]},
			"faces": {
				"north": {"uv": [8, 0, 16, 16], "texture": "#2"},
				"east": {"uv": [8, 0, 16, 16], "texture": "#2"},
				"south": {"uv": [8, 0, 16, 16], "texture": "#2"},
				"west": {"uv": [8, 0, 16, 16], "texture": "#2"},
				"up": {"uv": [13, 13, 16, 16], "texture": "#2"},
				"down": {"uv": [13, 0, 16, 3], "texture": "#2"}
			}
		},
		{
			"from": [7.9, 1.2, 7.9],
			"to": [8.15, 1.8, 8.15],
			"rotation": {"angle": 0, "axis": "y", "origin": [15.9, 9, 15.9]},
			"faces": {
				"north": {"uv": [8, 0, 16, 16], "texture": "#2"},
				"east": {"uv": [8, 0, 16, 16], "texture": "#2"},
				"south": {"uv": [8, 0, 16, 16], "texture": "#2"},
				"west": {"uv": [8, 0, 16, 16], "texture": "#2"},
				"up": {"uv": [13, 13, 16, 16], "texture": "#2"},
				"down": {"uv": [13, 0, 16, 3], "texture": "#2"}
			}
		},
		{
			"from": [7.8, 1.9, 7.9],
			"to": [8.1, 2.5, 8.2],
			"rotation": {"angle": 0, "axis": "y", "origin": [15.9, 9.7, 16.1]},
			"faces": {
				"north": {"uv": [8, 0, 16, 16], "texture": "#2"},
				"east": {"uv": [8, 0, 16, 16], "texture": "#2"},
				"south": {"uv": [8, 0, 16, 16], "texture": "#2"},
				"west": {"uv": [8, 0, 16, 16], "texture": "#2"},
				"up": {"uv": [13, 13, 16, 16], "texture": "#2"},
				"down": {"uv": [13, 0, 16, 3], "texture": "#2"}
			}
		},
		{
			"from": [7.9, 1.5, 8.2],
			"to": [8.1, 2.1, 8.4],
			"rotation": {"angle": 0, "axis": "y", "origin": [15.9, 9.3, 16.2]},
			"faces": {
				"north": {"uv": [8, 0, 16, 16], "texture": "#2"},
				"east": {"uv": [8, 0, 16, 16], "texture": "#2"},
				"south": {"uv": [8, 0, 16, 16], "texture": "#2"},
				"west": {"uv": [8, 0, 16, 16], "texture": "#2"},
				"up": {"uv": [13, 13, 16, 16], "texture": "#2"},
				"down": {"uv": [13, 0, 16, 3], "texture": "#2"}
			}
		},
		{
			"from": [7.9, 2.6, 7.9],
			"to": [8.2, 3.2, 8.2],
			"rotation": {"angle": 0, "axis": "y", "origin": [16, 10.4, 16]},
			"faces": {
				"north": {"uv": [8, 0, 16, 16], "texture": "#2"},
				"east": {"uv": [8, 0, 16, 16], "texture": "#2"},
				"south": {"uv": [8, 0, 16, 16], "texture": "#2"},
				"west": {"uv": [8, 0, 16, 16], "texture": "#2"},
				"up": {"uv": [13, 13, 16, 16], "texture": "#2"},
				"down": {"uv": [13, 0, 16, 3], "texture": "#2"}
			}
		}
	],
	"groups": [
		{
			"name": "5",
			"origin": [8, 8, 8],
			"children": [0, 1, 2, 3, 4, 5, 6, 7, 8, 9, 10, 11, 12, 13, 14, 15, 16, 17, 18, 19, 20, 21, 22, 23, 24]
		}
	]
}