{
	"credit": "Made with Blockbench",
	"textures": {
		"0": "springnions:block/soyplant",
		"1": "springnions:block/soyflower",
		"particle": "springnions:block/soyplant"
	},
	"elements": [
		{
			"from": [8, 0, 8.1],
			"to": [8.3, 5.1, 8.25],
			"rotation": {"angle": 0, "axis": "y", "origin": [3, 0, 0]},
			"faces": {
				"north": {"uv": [3, 4, 3.25, 5], "texture": "#0"},
				"east": {"uv": [3, 4, 3.25, 5], "texture": "#0"},
				"south": {"uv": [3, 4, 3.25, 5], "texture": "#0"},
				"west": {"uv": [3, 4, 3.25, 5], "texture": "#0"},
				"up": {"uv": [3, 4, 3.25, 5], "texture": "#0"},
				"down": {"uv": [3, 4, 3.25, 5], "texture": "#0"}
			}
		},
		{
			"from": [8, 5.1, 8.15],
			"to": [8.3, 6.1, 8.3],
			"rotation": {"angle": 0, "axis": "y", "origin": [3, 3.1, 0.1]},
			"faces": {
				"north": {"uv": [3, 4, 3.25, 5], "texture": "#0"},
				"east": {"uv": [3, 4, 3.25, 5], "texture": "#0"},
				"south": {"uv": [3, 4, 3.25, 5], "texture": "#0"},
				"west": {"uv": [3, 4, 3.25, 5], "texture": "#0"},
				"up": {"uv": [3, 4, 3.25, 5], "texture": "#0"},
				"down": {"uv": [3, 4, 3.25, 5], "texture": "#0"}
			}
		},
		{
			"from": [8.6, 1, 7.9],
			"to": [9.6, 1.2, 8.6],
			"rotation": {"angle": 0, "axis": "y", "origin": [16.6, 10, 13.9]},
			"faces": {
				"north": {"uv": [0, 0, 1, 0.2], "texture": "#0"},
				"east": {"uv": [11, 1, 11.7, 1.2], "texture": "#0"},
				"south": {"uv": [7, 1, 8, 1.2], "texture": "#0"},
				"west": {"uv": [7, 1, 7.7, 1.2], "texture": "#0"},
				"up": {"uv": [10, 11.7, 15, 12.7], "texture": "#0"},
				"down": {"uv": [3, 1, 4, 1.7], "texture": "#0"}
			}
		},
		{
			"from": [6.8, 2, 7.9],
			"to": [7.8, 2.2, 8.6],
			"rotation": {"angle": 0, "axis": "y", "origin": [7.8, 3.5, 6.36]},
			"faces": {
				"north": {"uv": [7, 1, 8, 1.2], "texture": "#0"},
				"east": {"uv": [7, 1, 7.7, 1.2], "texture": "#0"},
				"south": {"uv": [0, 0, 1, 0.2], "texture": "#0"},
				"west": {"uv": [11, 1, 11.7, 1.2], "texture": "#0"},
				"up": {"uv": [13, 11.7, 15, 12.7], "rotation": 180, "texture": "#0"},
				"down": {"uv": [3, 1, 4, 1.7], "rotation": 180, "texture": "#0"}
			}
		},
		{
			"from": [7.94, 1.5, 8.76],
			"to": [8.64, 1.7, 9.76],
			"rotation": {"angle": 0, "axis": "y", "origin": [8.4, 2, 8.76]},
			"faces": {
				"north": {"uv": [7, 1, 7.7, 1.2], "texture": "#0"},
				"east": {"uv": [0, 0, 1, 0.2], "texture": "#0"},
				"south": {"uv": [11, 1, 11.7, 1.2], "texture": "#0"},
				"west": {"uv": [7, 1, 8, 1.2], "texture": "#0"},
				"up": {"uv": [10, 10.7, 15, 12.7], "rotation": 90, "texture": "#0"},
				"down": {"uv": [3, 1, 4, 1.7], "rotation": 270, "texture": "#0"}
			}
		},
		{
			"from": [8, 3, 8.9],
			"to": [8.7, 3.2, 9.7],
			"rotation": {"angle": 0, "axis": "y", "origin": [8.8, 4.5, 7.36]},
			"faces": {
				"north": {"uv": [7, 1, 8, 1.2], "texture": "#0"},
				"east": {"uv": [7, 1, 7.7, 1.2], "texture": "#0"},
				"south": {"uv": [0, 0, 1, 0.2], "texture": "#0"},
				"west": {"uv": [11, 1, 11.7, 1.2], "texture": "#0"},
				"up": {"uv": [11, 1, 13, 2.7], "rotation": 180, "texture": "#0"},
				"down": {"uv": [3, 1, 4, 1.7], "rotation": 180, "texture": "#0"}
			}
		},
		{
			"from": [9.14, 3.5, 7.86],
			"to": [9.94, 3.7, 8.56],
			"rotation": {"angle": 0, "axis": "y", "origin": [7.6, 5, 7.76]},
			"faces": {
				"north": {"uv": [7, 1, 7.7, 1.2], "texture": "#0"},
				"east": {"uv": [0, 0, 1, 0.2], "texture": "#0"},
				"south": {"uv": [11, 1, 11.7, 1.2], "texture": "#0"},
				"west": {"uv": [7, 1, 8, 1.2], "texture": "#0"},
				"up": {"uv": [11, 1, 13, 2.7], "rotation": 90, "texture": "#0"},
				"down": {"uv": [3, 1, 4, 1.7], "rotation": 270, "texture": "#0"}
			}
		},
		{
			"from": [8.84, 5.5, 7.26],
			"to": [9.64, 5.7, 7.96],
			"rotation": {"angle": -45, "axis": "y", "origin": [7.6, 7, 7.76]},
			"faces": {
				"north": {"uv": [7, 1, 7.7, 1.2], "texture": "#0"},
				"east": {"uv": [0, 0, 1, 0.2], "texture": "#0"},
				"south": {"uv": [11, 1, 11.7, 1.2], "texture": "#0"},
				"west": {"uv": [7, 1, 8, 1.2], "texture": "#0"},
				"up": {"uv": [8, 6, 10, 7.7], "rotation": 90, "texture": "#0"},
				"down": {"uv": [3, 1, 4, 1.7], "rotation": 270, "texture": "#0"}
			}
		},
		{
			"from": [6.84, 4.25, 7.26],
			"to": [7.64, 4.45, 7.96],
			"rotation": {"angle": -45, "axis": "y", "origin": [7.6, 7, 7.76]},
			"faces": {
				"north": {"uv": [7, 1, 7.7, 1.2], "texture": "#0"},
				"east": {"uv": [0, 0, 1, 0.2], "texture": "#0"},
				"south": {"uv": [11, 1, 11.7, 1.2], "texture": "#0"},
				"west": {"uv": [7, 1, 8, 1.2], "texture": "#0"},
				"up": {"uv": [8, 6, 10, 7.7], "rotation": 90, "texture": "#0"},
				"down": {"uv": [3, 1, 4, 1.7], "rotation": 270, "texture": "#0"}
			}
		},
		{
			"from": [8, 4, 6.8],
			"to": [8.7, 4.2, 7.6],
			"rotation": {"angle": 0, "axis": "y", "origin": [8.8, 5.5, 5.06]},
			"faces": {
				"north": {"uv": [7, 1, 8, 1.2], "texture": "#0"},
				"east": {"uv": [7, 1, 7.7, 1.2], "texture": "#0"},
				"south": {"uv": [0, 0, 1, 0.2], "texture": "#0"},
				"west": {"uv": [11, 1, 11.7, 1.2], "texture": "#0"},
				"up": {"uv": [11, 1, 13, 2.7], "rotation": 180, "texture": "#0"},
				"down": {"uv": [3, 1, 4, 1.7], "rotation": 180, "texture": "#0"}
			}
		},
		{
			"from": [8.1, 1, 8.2],
			"to": [8.8, 1.15, 8.3],
			"rotation": {"angle": 0, "axis": "y", "origin": [15.1, 10, 13.9]},
			"faces": {
				"north": {"uv": [7, 3, 8, 3.15], "texture": "#0"},
				"east": {"uv": [7, 2, 7.4, 2.15], "texture": "#0"},
				"south": {"uv": [8, 2, 9, 2.15], "texture": "#0"},
				"west": {"uv": [5, 3, 5.4, 3.15], "texture": "#0"},
				"up": {"uv": [6, 2, 7, 2.4], "texture": "#0"},
				"down": {"uv": [6, 2, 7, 2.4], "texture": "#0"}
			}
		},
		{
			"from": [7.7, 2, 8.2],
			"to": [8.4, 2.15, 8.3],
			"rotation": {"angle": 0, "axis": "y", "origin": [8.7, 3.5, 6.5]},
			"faces": {
				"north": {"uv": [8, 2, 9, 2.15], "texture": "#0"},
				"east": {"uv": [5, 3, 5.4, 3.15], "texture": "#0"},
				"south": {"uv": [7, 3, 8, 3.15], "texture": "#0"},
				"west": {"uv": [7, 2, 7.4, 2.15], "texture": "#0"},
				"up": {"uv": [6, 2, 7, 2.4], "rotation": 180, "texture": "#0"},
				"down": {"uv": [6, 2, 7, 2.4], "rotation": 180, "texture": "#0"}
			}
		},
		{
			"from": [8.1, 1.5, 8.1],
			"to": [8.2, 1.65, 9],
			"rotation": {"angle": 0, "axis": "y", "origin": [8.4, 2, 8.9]},
			"faces": {
				"north": {"uv": [5, 3, 5.4, 3.15], "texture": "#0"},
				"east": {"uv": [7, 3, 8, 3.15], "texture": "#0"},
				"south": {"uv": [7, 2, 7.4, 2.15], "texture": "#0"},
				"west": {"uv": [8, 2, 9, 2.15], "texture": "#0"},
				"up": {"uv": [6, 2, 7, 2.4], "rotation": 90, "texture": "#0"},
				"down": {"uv": [6, 2, 7, 2.4], "rotation": 270, "texture": "#0"}
			}
		},
		{
			"from": [8.1, 3, 8.1],
			"to": [8.2, 3.15, 9],
			"rotation": {"angle": 0, "axis": "y", "origin": [8.7, 4.5, 6.5]},
			"faces": {
				"north": {"uv": [8, 2, 9, 2.15], "texture": "#0"},
				"east": {"uv": [5, 3, 5.4, 3.15], "texture": "#0"},
				"south": {"uv": [7, 3, 8, 3.15], "texture": "#0"},
				"west": {"uv": [7, 2, 7.4, 2.15], "texture": "#0"},
				"up": {"uv": [6, 2, 7, 2.4], "rotation": 180, "texture": "#0"},
				"down": {"uv": [6, 2, 7, 2.4], "rotation": 180, "texture": "#0"}
			}
		},
		{
			"from": [8.1, 3.5, 8.1],
			"to": [9.4, 3.65, 8.2],
			"rotation": {"angle": 0, "axis": "y", "origin": [8.7, 5, 6.5]},
			"faces": {
				"north": {"uv": [8, 2, 9, 2.15], "texture": "#0"},
				"east": {"uv": [5, 3, 5.4, 3.15], "texture": "#0"},
				"south": {"uv": [7, 3, 8, 3.15], "texture": "#0"},
				"west": {"uv": [7, 2, 7.4, 2.15], "texture": "#0"},
				"up": {"uv": [6, 2, 7, 2.4], "rotation": 180, "texture": "#0"},
				"down": {"uv": [6, 2, 7, 2.4], "rotation": 180, "texture": "#0"}
			}
		},
		{
			"from": [9.2, 5.5, 9.1],
			"to": [10.4, 5.65, 9.2],
			"rotation": {"angle": -45, "axis": "y", "origin": [9.8, 7, 7.5]},
			"faces": {
				"north": {"uv": [8, 2, 9, 2.15], "texture": "#0"},
				"east": {"uv": [5, 3, 5.4, 3.15], "texture": "#0"},
				"south": {"uv": [7, 3, 8, 3.15], "texture": "#0"},
				"west": {"uv": [7, 2, 7.4, 2.15], "texture": "#0"},
				"up": {"uv": [6, 2, 7, 2.4], "rotation": 180, "texture": "#0"},
				"down": {"uv": [6, 2, 7, 2.4], "rotation": 180, "texture": "#0"}
			}
		},
		{
			"from": [7.95, 4.25, 9.1],
			"to": [9.15, 4.4, 9.2],
			"rotation": {"angle": -45, "axis": "y", "origin": [9.8, 7, 7.5]},
			"faces": {
				"north": {"uv": [8, 2, 9, 2.15], "texture": "#0"},
				"east": {"uv": [5, 3, 5.4, 3.15], "texture": "#0"},
				"south": {"uv": [7, 3, 8, 3.15], "texture": "#0"},
				"west": {"uv": [7, 2, 7.4, 2.15], "texture": "#0"},
				"up": {"uv": [6, 2, 7, 2.4], "rotation": 180, "texture": "#0"},
				"down": {"uv": [6, 2, 7, 2.4], "rotation": 180, "texture": "#0"}
			}
		},
		{
			"from": [8.1, 4, 7.3],
			"to": [8.2, 4.15, 8.2],
			"rotation": {"angle": 0, "axis": "y", "origin": [8.7, 5.5, 5.7]},
			"faces": {
				"north": {"uv": [8, 2, 9, 2.15], "texture": "#0"},
				"east": {"uv": [5, 3, 5.4, 3.15], "texture": "#0"},
				"south": {"uv": [7, 3, 8, 3.15], "texture": "#0"},
				"west": {"uv": [7, 2, 7.4, 2.15], "texture": "#0"},
				"up": {"uv": [6, 2, 7, 2.4], "rotation": 180, "texture": "#0"},
				"down": {"uv": [6, 2, 7, 2.4], "rotation": 180, "texture": "#0"}
			}
		},
		{
			"from": [8.3, 2.2, 8],
			"to": [8.6, 2.5, 8.3],
			"rotation": {"angle": 0, "axis": "y", "origin": [16.3, 10, 16]},
			"faces": {
				"north": {"uv": [0, 0, 16, 16], "texture": "#1"},
				"east": {"uv": [0, 0, 16, 16], "texture": "#1"},
				"south": {"uv": [0, 0, 16, 16], "texture": "#1"},
				"west": {"uv": [0, 0, 16, 16], "texture": "#1"},
				"up": {"uv": [0, 0, 16, 16], "texture": "#1"},
				"down": {"uv": [0, 0, 16, 16], "texture": "#1"}
			}
		},
		{
			"from": [8.1, 3.2, 8.2],
			"to": [8.4, 3.5, 8.5],
			"rotation": {"angle": 0, "axis": "y", "origin": [16.1, 11, 16.2]},
			"faces": {
				"north": {"uv": [0, 0, 16, 16], "texture": "#1"},
				"east": {"uv": [0, 0, 16, 16], "texture": "#1"},
				"south": {"uv": [0, 0, 16, 16], "texture": "#1"},
				"west": {"uv": [0, 0, 16, 16], "texture": "#1"},
				"up": {"uv": [0, 0, 16, 16], "texture": "#1"},
				"down": {"uv": [0, 0, 16, 16], "texture": "#1"}
			}
		},
		{
			"from": [7.8, 3.9, 8.2],
			"to": [8.2, 4.3, 8.6],
			"rotation": {"angle": 0, "axis": "y", "origin": [16.1, 11, 16.2]},
			"faces": {
				"north": {"uv": [0, 0, 16, 16], "texture": "#1"},
				"east": {"uv": [0, 0, 16, 16], "texture": "#1"},
				"south": {"uv": [0, 0, 16, 16], "texture": "#1"},
				"west": {"uv": [0, 0, 16, 16], "texture": "#1"},
				"up": {"uv": [0, 0, 16, 16], "texture": "#1"},
				"down": {"uv": [0, 0, 16, 16], "texture": "#1"}
			}
		},
		{
			"from": [7.9, 1.2, 7.9],
			"to": [8.15, 1.45, 8.15],
			"rotation": {"angle": 0, "axis": "y", "origin": [15.9, 9, 15.9]},
			"faces": {
				"north": {"uv": [0, 0, 16, 16], "texture": "#1"},
				"east": {"uv": [0, 0, 16, 16], "texture": "#1"},
				"south": {"uv": [0, 0, 16, 16], "texture": "#1"},
				"west": {"uv": [0, 0, 16, 16], "texture": "#1"},
				"up": {"uv": [0, 0, 16, 16], "texture": "#1"},
				"down": {"uv": [0, 0, 16, 16], "texture": "#1"}
			}
		},
		{
			"from": [7.9, 1.9, 8.1],
			"to": [8.2, 2.2, 8.4],
			"rotation": {"angle": 0, "axis": "y", "origin": [15.9, 9.7, 16.1]},
			"faces": {
				"north": {"uv": [0, 0, 16, 16], "texture": "#1"},
				"east": {"uv": [0, 0, 16, 16], "texture": "#1"},
				"south": {"uv": [0, 0, 16, 16], "texture": "#1"},
				"west": {"uv": [0, 0, 16, 16], "texture": "#1"},
				"up": {"uv": [0, 0, 16, 16], "texture": "#1"},
				"down": {"uv": [0, 0, 16, 16], "texture": "#1"}
			}
		},
		{
			"from": [7.9, 1.5, 8.2],
			"to": [8.1, 1.7, 8.4],
			"rotation": {"angle": 0, "axis": "y", "origin": [15.9, 9.3, 16.2]},
			"faces": {
				"north": {"uv": [0, 0, 16, 16], "texture": "#1"},
				"east": {"uv": [0, 0, 16, 16], "texture": "#1"},
				"south": {"uv": [0, 0, 16, 16], "texture": "#1"},
				"west": {"uv": [0, 0, 16, 16], "texture": "#1"},
				"up": {"uv": [0, 0, 16, 16], "texture": "#1"},
				"down": {"uv": [0, 0, 16, 16], "texture": "#1"}
			}
		},
		{
			"from": [8, 2.6, 8],
			"to": [8.2, 2.8, 8.2],
			"rotation": {"angle": 0, "axis": "y", "origin": [16, 10.4, 16]},
			"faces": {
				"north": {"uv": [0, 0, 16, 16], "texture": "#1"},
				"east": {"uv": [0, 0, 16, 16], "texture": "#1"},
				"south": {"uv": [0, 0, 16, 16], "texture": "#1"},
				"west": {"uv": [0, 0, 16, 16], "texture": "#1"},
				"up": {"uv": [0, 0, 16, 16], "texture": "#1"},
				"down": {"uv": [0, 0, 16, 16], "texture": "#1"}
			}
		}
	],
	"groups": [
		{
			"name": "3",
			"origin": [8, 8, 8],
			"children": [0, 1, 2, 3, 4, 5, 6, 7, 8, 9, 10, 11, 12, 13, 14, 15, 16, 17, 18, 19, 20, 21, 22, 23, 24]
		}
	]
}