{
	"credit": "Made with Blockbench",
	"textures": {
		"0": "springnions:block/tofupresspallete1",
		"1": "springnions:block/tofu_presser",
		"2": "springnions:item/tofu",
		"particle": "springnions:block/tofupresspallete1"
	},
	"elements": [
		{
			"from": [2, 0, 2],
			"to": [3, 6, 3],
			"faces": {
				"north": {"uv": [0, 11, 1, 16], "texture": "#0"},
				"east": {"uv": [0, 11, 1, 16], "texture": "#0"},
				"south": {"uv": [0, 11, 1, 16], "texture": "#0"},
				"west": {"uv": [0, 11, 1, 16], "texture": "#0"},
				"up": {"uv": [0, 11, 1, 16], "texture": "#0"},
				"down": {"uv": [0, 11, 1, 16], "texture": "#0"}
			}
		},
		{
			"from": [13, 0, 2],
			"to": [14, 6, 3],
			"faces": {
				"north": {"uv": [0, 11, 1, 16], "texture": "#0"},
				"east": {"uv": [0, 11, 1, 16], "texture": "#0"},
				"south": {"uv": [0, 11, 1, 16], "texture": "#0"},
				"west": {"uv": [0, 11, 1, 16], "texture": "#0"},
				"up": {"uv": [0, 11, 1, 16], "texture": "#0"},
				"down": {"uv": [0, 11, 1, 16], "texture": "#0"}
			}
		},
		{
			"from": [2, 0, 13],
			"to": [3, 6, 14],
			"faces": {
				"north": {"uv": [0, 11, 1, 16], "texture": "#0"},
				"east": {"uv": [0, 11, 1, 16], "texture": "#0"},
				"south": {"uv": [0, 11, 1, 16], "texture": "#0"},
				"west": {"uv": [0, 11, 1, 16], "texture": "#0"},
				"up": {"uv": [0, 11, 1, 16], "texture": "#0"},
				"down": {"uv": [0, 11, 1, 16], "texture": "#0"}
			}
		},
		{
			"from": [13, 0, 13],
			"to": [14, 6, 14],
			"faces": {
				"north": {"uv": [0, 11, 1, 16], "texture": "#0"},
				"east": {"uv": [0, 11, 1, 16], "texture": "#0"},
				"south": {"uv": [0, 11, 1, 16], "texture": "#0"},
				"west": {"uv": [0, 11, 1, 16], "texture": "#0"},
				"up": {"uv": [0, 11, 1, 16], "texture": "#0"},
				"down": {"uv": [0, 11, 1, 16], "texture": "#0"}
			}
		},
		{
			"from": [1.75, 6, 1.75],
			"to": [14.25, 7, 14.25],
			"faces": {
				"north": {"uv": [2, 15, 14, 16], "texture": "#0"},
				"east": {"uv": [2, 15, 14, 16], "texture": "#0"},
				"south": {"uv": [2, 15, 14, 16], "texture": "#0"},
				"west": {"uv": [2, 15, 14, 16], "texture": "#0"},
				"up": {"uv": [2, 15, 14, 16], "texture": "#0"},
				"down": {"uv": [2, 15, 14, 16], "texture": "#0"}
			}
		},
		{
			"from": [2, 7, 2],
			"to": [2.5, 8, 14],
			"faces": {
				"north": {"uv": [0, 14, 1, 16], "texture": "#0"},
				"east": {"uv": [0, 0, 12, 1], "texture": "#0"},
				"south": {"uv": [0, 14, 1, 16], "texture": "#0"},
				"west": {"uv": [12, 11, 0, 12], "texture": "#0"},
				"up": {"uv": [0, 11, 12, 12], "rotation": 90, "texture": "#0"},
				"down": {"uv": [0, 0, 0.5, 12], "texture": "#0"}
			}
		},
		{
			"from": [13.5, 7, 2],
			"to": [14, 8, 14],
			"faces": {
				"north": {"uv": [0, 14, 1, 16], "texture": "#0"},
				"east": {"uv": [12, 11, 0, 12], "texture": "#0"},
				"south": {"uv": [0, 14, 1, 16], "texture": "#0"},
				"west": {"uv": [0, 11, 12, 12], "rotation": 90, "texture": "#0"},
				"up": {"uv": [0, 11, 12, 12], "rotation": 90, "texture": "#0"},
				"down": {"uv": [0, 11, 12, 12], "rotation": 90, "texture": "#0"}
			}
		},
		{
			"from": [2.5, 7, 13.5],
			"to": [13.5, 8, 14],
			"faces": {
				"north": {"uv": [0, 15, 0.5, 16], "texture": "#0"},
				"east": {"uv": [0, 15, 0.5, 16], "texture": "#0"},
				"south": {"uv": [0, 15, 0.5, 16], "texture": "#0"},
				"west": {"uv": [0, 15, 0.5, 16], "texture": "#0"},
				"up": {"uv": [0, 15, 0.5, 16], "texture": "#0"},
				"down": {"uv": [0, 15, 0.5, 16], "texture": "#0"}
			}
		},
		{
			"from": [2.5, 7, 2],
			"to": [13.5, 8, 2.5],
			"faces": {
				"north": {"uv": [0, 15, 0.5, 16], "texture": "#0"},
				"east": {"uv": [0, 15, 0.5, 16], "texture": "#0"},
				"south": {"uv": [0, 15, 0.5, 16], "texture": "#0"},
				"west": {"uv": [0, 15, 0.5, 16], "texture": "#0"},
				"up": {"uv": [0, 15, 0.5, 16], "texture": "#0"},
				"down": {"uv": [0, 15, 0.5, 16], "texture": "#0"}
			}
		},
		{
			"from": [12.5, 7, 3],
			"to": [13, 11, 13],
			"faces": {
				"north": {"uv": [0, 15, 0.5, 16], "texture": "#0"},
				"east": {"uv": [0, 15, 0.5, 16], "texture": "#0"},
				"south": {"uv": [0, 15, 0.5, 16], "texture": "#0"},
				"west": {"uv": [0, 15, 0.5, 16], "texture": "#0"},
				"up": {"uv": [0, 15, 0.5, 16], "texture": "#0"},
				"down": {"uv": [0, 15, 0.5, 16], "texture": "#0"}
			}
		},
		{
			"from": [3.5, 7, 3],
			"to": [12.5, 11, 3.5],
			"faces": {
				"north": {"uv": [3, 12, 12, 16], "texture": "#0"},
				"east": {"uv": [3, 12, 12, 16], "texture": "#0"},
				"south": {"uv": [11, 15, 12, 16], "texture": "#0"},
				"west": {"uv": [3, 12, 12, 16], "texture": "#0"},
				"up": {"uv": [3, 11, 12, 11.9], "texture": "#0"},
				"down": {"uv": [3, 12, 12, 16], "texture": "#0"}
			}
		},
		{
			"from": [3, 7, 3],
			"to": [3.5, 11, 13],
			"faces": {
				"north": {"uv": [0, 15, 0.5, 16], "texture": "#0"},
				"east": {"uv": [0, 15, 0.5, 16], "texture": "#0"},
				"south": {"uv": [0, 15, 0.5, 16], "texture": "#0"},
				"west": {"uv": [0, 15, 0.5, 16], "texture": "#0"},
				"up": {"uv": [0, 15, 0.5, 16], "texture": "#0"},
				"down": {"uv": [0, 15, 0.5, 16], "texture": "#0"}
			}
		},
		{
			"from": [3.5, 7, 12.5],
			"to": [12.5, 11, 13],
			"faces": {
				"north": {"uv": [0, 15, 3, 16], "texture": "#0"},
				"east": {"uv": [0, 0, 0.5, 4], "texture": "#0"},
				"south": {"uv": [3, 12, 12, 16], "texture": "#0"},
				"west": {"uv": [0, 0, 0.5, 4], "texture": "#0"},
				"up": {"uv": [3, 11, 12, 11.9], "texture": "#0"},
				"down": {"uv": [0, 0, 9, 0.5], "texture": "#0"}
			}
		},
		{
			"from": [13, 10.6, 3],
			"to": [13.2, 11, 13],
			"faces": {
				"north": {"uv": [13, 11, 13, 11.4], "texture": "#0"},
				"east": {"uv": [13, 11, 13, 11.4], "texture": "#0"},
				"south": {"uv": [13, 11, 13, 11.4], "texture": "#0"},
				"west": {"uv": [13, 11, 13, 11.4], "texture": "#0"},
				"up": {"uv": [13, 11, 13, 11.4], "texture": "#0"},
				"down": {"uv": [13, 11, 13, 11.4], "texture": "#0"}
			}
		},
		{
			"from": [2.8, 10.6, 2.8],
			"to": [13.2, 11, 3],
			"faces": {
				"north": {"uv": [13, 11, 13, 11.4], "texture": "#0"},
				"east": {"uv": [13, 11, 13, 11.4], "texture": "#0"},
				"south": {"uv": [13, 11, 13, 11.4], "texture": "#0"},
				"west": {"uv": [13, 11, 13, 11.4], "texture": "#0"},
				"up": {"uv": [13, 11, 13, 11.4], "texture": "#0"},
				"down": {"uv": [13, 11, 13, 11.4], "texture": "#0"}
			}
		},
		{
			"from": [2.8, 10.6, 3],
			"to": [3, 11, 13],
			"faces": {
				"north": {"uv": [13, 11, 13, 11.4], "texture": "#0"},
				"east": {"uv": [13, 11, 13, 11.4], "texture": "#0"},
				"south": {"uv": [13, 11, 13, 11.4], "texture": "#0"},
				"west": {"uv": [13, 11, 13, 11.4], "texture": "#0"},
				"up": {"uv": [13, 11, 13, 11.4], "texture": "#0"},
				"down": {"uv": [13, 11, 13, 11.4], "texture": "#0"}
			}
		},
		{
			"from": [2.8, 10.6, 13],
			"to": [13.2, 11, 13.2],
			"faces": {
				"north": {"uv": [13, 11, 13, 11.4], "texture": "#0"},
				"east": {"uv": [13, 11, 13, 11.4], "texture": "#0"},
				"south": {"uv": [13, 11, 13, 11.4], "texture": "#0"},
				"west": {"uv": [13, 11, 13, 11.4], "texture": "#0"},
				"up": {"uv": [13, 11, 13, 11.4], "texture": "#0"},
				"down": {"uv": [13, 11, 13, 11.4], "texture": "#0"}
			}
		},
		{
			"from": [2.5, 7, 2.5],
			"to": [13.5, 7.5, 13.5],
			"faces": {
				"north": {"uv": [0, 0, 11, 0.5], "texture": "#0"},
				"east": {"uv": [0, 0, 11, 0.5], "texture": "#0"},
				"south": {"uv": [0, 0, 11, 0.5], "texture": "#0"},
				"west": {"uv": [0, 0, 11, 0.5], "texture": "#0"},
				"up": {"uv": [3, 11, 14, 16], "texture": "#0"},
				"down": {"uv": [0, 0, 11, 11], "texture": "#0"}
			}
		},
		{
			"from": [4.5, 10.5, 4.5],
			"to": [11.5, 11, 11.5],
			"faces": {
				"north": {"uv": [3, 3, 12, 4], "texture": "#1"},
				"east": {"uv": [3, 3, 12, 4], "texture": "#1"},
				"south": {"uv": [3, 3, 12, 4], "texture": "#1"},
				"west": {"uv": [3, 3, 12, 4], "texture": "#1"},
				"up": {"uv": [3, 3, 12, 12], "texture": "#1"},
				"down": {"uv": [3, 3, 12, 4], "texture": "#1"}
			}
		},
		{
			"from": [7, 10.5, 7],
			"to": [9, 15.5, 9],
			"faces": {
				"north": {"uv": [7, 4, 9, 9], "texture": "#0"},
				"east": {"uv": [7, 4, 9, 9], "texture": "#0"},
				"south": {"uv": [7, 4, 9, 9], "texture": "#0"},
				"west": {"uv": [7, 4, 9, 9], "texture": "#0"},
				"up": {"uv": [7, 4, 9, 9], "texture": "#0"},
				"down": {"uv": [7, 4, 9, 9], "texture": "#0"}
			}
		},
		{
			"from": [2, 14, 7.5],
			"to": [7, 15, 8.5],
			"faces": {
				"north": {"uv": [3, 5, 8, 6], "texture": "#0"},
				"east": {"uv": [3, 5, 8, 6], "texture": "#0"},
				"south": {"uv": [3, 5, 8, 6], "texture": "#0"},
				"west": {"uv": [3, 5, 8, 6], "texture": "#0"},
				"up": {"uv": [3, 5, 8, 6], "texture": "#0"},
				"down": {"uv": [3, 5, 8, 6], "texture": "#0"}
			}
		},
		{
			"from": [9, 14, 7.5],
			"to": [14, 15, 8.5],
			"faces": {
				"north": {"uv": [8, 5, 13, 6], "texture": "#0"},
				"east": {"uv": [8, 5, 13, 6], "texture": "#0"},
				"south": {"uv": [8, 5, 13, 6], "texture": "#0"},
				"west": {"uv": [8, 5, 13, 6], "texture": "#0"},
				"up": {"uv": [8, 5, 13, 6], "texture": "#0"},
				"down": {"uv": [8, 5, 13, 6], "texture": "#0"}
			}
		},
		{
			"from": [9, 1.6, 7.5],
			"to": [14, 2.5, 8.5],
			"rotation": {"angle": 0, "axis": "y", "origin": [8, 2, 8]},
			"faces": {
				"north": {"uv": [3, 5, 8, 6], "texture": "#0"},
				"east": {"uv": [3, 5, 8, 6], "texture": "#0"},
				"south": {"uv": [3, 5, 8, 6], "texture": "#0"},
				"west": {"uv": [3, 5, 8, 6], "texture": "#0"},
				"up": {"uv": [3, 5, 8, 6], "rotation": 180, "texture": "#0"},
				"down": {"uv": [3, 5, 8, 6], "rotation": 180, "texture": "#0"}
			}
		},
		{
			"from": [9, 1.6, 7.5],
			"to": [14, 2.5, 8.5],
			"rotation": {"angle": 45, "axis": "y", "origin": [8, 2, 8]},
			"faces": {
				"north": {"uv": [8, 5, 13, 6], "texture": "#0"},
				"east": {"uv": [8, 5, 13, 6], "texture": "#0"},
				"south": {"uv": [8, 5, 13, 6], "texture": "#0"},
				"west": {"uv": [8, 5, 13, 6], "texture": "#0"},
				"up": {"uv": [8, 5, 13, 6], "texture": "#0"},
				"down": {"uv": [8, 5, 13, 6], "texture": "#0"}
			}
		},
		{
			"from": [7.5, 1.6, 2],
			"to": [8.5, 2.5, 7],
			"rotation": {"angle": 0, "axis": "y", "origin": [8, 2, 8]},
			"faces": {
				"north": {"uv": [8, 5, 13, 6], "texture": "#0"},
				"east": {"uv": [8, 5, 13, 6], "texture": "#0"},
				"south": {"uv": [8, 5, 13, 6], "texture": "#0"},
				"west": {"uv": [8, 5, 13, 6], "texture": "#0"},
				"up": {"uv": [8, 5, 13, 6], "rotation": 270, "texture": "#0"},
				"down": {"uv": [8, 5, 13, 6], "rotation": 90, "texture": "#0"}
			}
		},
		{
			"from": [7.5, 1.6, 9],
			"to": [8.5, 2.5, 14],
			"rotation": {"angle": 45, "axis": "y", "origin": [8, 2, 8]},
			"faces": {
				"north": {"uv": [3, 5, 8, 6], "texture": "#0"},
				"east": {"uv": [3, 5, 8, 6], "texture": "#0"},
				"south": {"uv": [3, 5, 8, 6], "texture": "#0"},
				"west": {"uv": [3, 5, 8, 6], "texture": "#0"},
				"up": {"uv": [3, 5, 8, 6], "rotation": 270, "texture": "#0"},
				"down": {"uv": [3, 5, 8, 6], "rotation": 90, "texture": "#0"}
			}
		},
		{
			"from": [7.5, 1.6, 9],
			"to": [8.5, 2.5, 14],
			"rotation": {"angle": 0, "axis": "y", "origin": [8, 2, 8]},
			"faces": {
				"north": {"uv": [3, 5, 8, 6], "texture": "#0"},
				"east": {"uv": [3, 5, 8, 6], "texture": "#0"},
				"south": {"uv": [3, 5, 8, 6], "texture": "#0"},
				"west": {"uv": [3, 5, 8, 6], "texture": "#0"},
				"up": {"uv": [3, 5, 8, 6], "rotation": 270, "texture": "#0"},
				"down": {"uv": [3, 5, 8, 6], "rotation": 90, "texture": "#0"}
			}
		},
		{
			"from": [7.5, 1.6, 2],
			"to": [8.5, 2.5, 7],
			"rotation": {"angle": 45, "axis": "y", "origin": [8, 2, 8]},
			"faces": {
				"north": {"uv": [8, 5, 13, 6], "texture": "#0"},
				"east": {"uv": [8, 5, 13, 6], "texture": "#0"},
				"south": {"uv": [8, 5, 13, 6], "texture": "#0"},
				"west": {"uv": [8, 5, 13, 6], "texture": "#0"},
				"up": {"uv": [8, 5, 13, 6], "rotation": 270, "texture": "#0"},
				"down": {"uv": [8, 5, 13, 6], "rotation": 90, "texture": "#0"}
			}
		},
		{
			"from": [2, 1.6, 7.5],
			"to": [7, 2.5, 8.5],
			"rotation": {"angle": 0, "axis": "y", "origin": [8, 2, 8]},
			"faces": {
				"north": {"uv": [8, 5, 13, 6], "texture": "#0"},
				"east": {"uv": [8, 5, 13, 6], "texture": "#0"},
				"south": {"uv": [8, 5, 13, 6], "texture": "#0"},
				"west": {"uv": [8, 5, 13, 6], "texture": "#0"},
				"up": {"uv": [8, 5, 13, 6], "rotation": 180, "texture": "#0"},
				"down": {"uv": [8, 5, 13, 6], "rotation": 180, "texture": "#0"}
			}
		},
		{
			"from": [2, 1.6, 7.5],
			"to": [7, 2.5, 8.5],
			"rotation": {"angle": 45, "axis": "y", "origin": [8, 2, 8]},
			"faces": {
				"north": {"uv": [3, 5, 8, 6], "texture": "#0"},
				"east": {"uv": [3, 5, 8, 6], "texture": "#0"},
				"south": {"uv": [3, 5, 8, 6], "texture": "#0"},
				"west": {"uv": [3, 5, 8, 6], "texture": "#0"},
				"up": {"uv": [3, 5, 8, 6], "texture": "#0"},
				"down": {"uv": [3, 5, 8, 6], "texture": "#0"}
			}
		},
		{
			"from": [7, 1, 7],
			"to": [9, 6, 9],
			"rotation": {"angle": 22.5, "axis": "y", "origin": [8, 2, 8]},
			"faces": {
				"north": {"uv": [7, 4, 9, 9], "texture": "#0"},
				"east": {"uv": [7, 4, 9, 9], "texture": "#0"},
				"south": {"uv": [7, 4, 9, 9], "texture": "#0"},
				"west": {"uv": [7, 4, 9, 9], "texture": "#0"},
				"up": {"uv": [7, 4, 9, 9], "texture": "#0"},
				"down": {"uv": [7, 4, 9, 9], "texture": "#0"}
			}
		},
		{
			"from": [2, 1.5, 7.5],
			"to": [7, 2.4, 8.5],
			"rotation": {"angle": 22.5, "axis": "y", "origin": [8, 2, 8]},
			"faces": {
				"north": {"uv": [3, 5, 8, 6], "texture": "#0"},
				"east": {"uv": [3, 5, 8, 6], "texture": "#0"},
				"south": {"uv": [3, 5, 8, 6], "texture": "#0"},
				"west": {"uv": [3, 5, 8, 6], "texture": "#0"},
				"up": {"uv": [3, 5, 8, 6], "texture": "#0"},
				"down": {"uv": [3, 5, 8, 6], "texture": "#0"}
			}
		},
		{
			"from": [7.5, 1.5, 9],
			"to": [8.5, 2.4, 14],
			"rotation": {"angle": 22.5, "axis": "y", "origin": [8, 2, 8]},
			"faces": {
				"north": {"uv": [3, 5, 8, 6], "texture": "#0"},
				"east": {"uv": [3, 5, 8, 6], "texture": "#0"},
				"south": {"uv": [3, 5, 8, 6], "texture": "#0"},
				"west": {"uv": [3, 5, 8, 6], "texture": "#0"},
				"up": {"uv": [3, 5, 8, 6], "rotation": 270, "texture": "#0"},
				"down": {"uv": [3, 5, 8, 6], "rotation": 90, "texture": "#0"}
			}
		},
		{
			"from": [7.5, 1.5, 9],
			"to": [8.5, 2.4, 14],
			"rotation": {"angle": -22.5, "axis": "y", "origin": [8, 2, 8]},
			"faces": {
				"north": {"uv": [3, 5, 8, 6], "texture": "#0"},
				"east": {"uv": [3, 5, 8, 6], "texture": "#0"},
				"south": {"uv": [3, 5, 8, 6], "texture": "#0"},
				"west": {"uv": [3, 5, 8, 6], "texture": "#0"},
				"up": {"uv": [3, 5, 8, 6], "rotation": 270, "texture": "#0"},
				"down": {"uv": [3, 5, 8, 6], "rotation": 90, "texture": "#0"}
			}
		},
		{
			"from": [9, 1.5, 7.5],
			"to": [14, 2.4, 8.5],
			"rotation": {"angle": -22.5, "axis": "y", "origin": [8, 2, 8]},
			"faces": {
				"north": {"uv": [3, 5, 8, 6], "texture": "#0"},
				"east": {"uv": [3, 5, 8, 6], "texture": "#0"},
				"south": {"uv": [3, 5, 8, 6], "texture": "#0"},
				"west": {"uv": [3, 5, 8, 6], "texture": "#0"},
				"up": {"uv": [3, 5, 8, 6], "rotation": 180, "texture": "#0"},
				"down": {"uv": [3, 5, 8, 6], "rotation": 180, "texture": "#0"}
			}
		},
		{
			"from": [9, 1.5, 7.5],
			"to": [14, 2.4, 8.5],
			"rotation": {"angle": 22.5, "axis": "y", "origin": [8, 2, 8]},
			"faces": {
				"north": {"uv": [8, 5, 13, 6], "texture": "#0"},
				"east": {"uv": [8, 5, 13, 6], "texture": "#0"},
				"south": {"uv": [8, 5, 13, 6], "texture": "#0"},
				"west": {"uv": [8, 5, 13, 6], "texture": "#0"},
				"up": {"uv": [8, 5, 13, 6], "texture": "#0"},
				"down": {"uv": [8, 5, 13, 6], "texture": "#0"}
			}
		},
		{
			"from": [7.5, 1.5, 2],
			"to": [8.5, 2.4, 7],
			"rotation": {"angle": 22.5, "axis": "y", "origin": [8, 2, 8]},
			"faces": {
				"north": {"uv": [8, 5, 13, 6], "texture": "#0"},
				"east": {"uv": [8, 5, 13, 6], "texture": "#0"},
				"south": {"uv": [8, 5, 13, 6], "texture": "#0"},
				"west": {"uv": [8, 5, 13, 6], "texture": "#0"},
				"up": {"uv": [8, 5, 13, 6], "rotation": 270, "texture": "#0"},
				"down": {"uv": [8, 5, 13, 6], "rotation": 90, "texture": "#0"}
			}
		},
		{
			"from": [7.5, 1.5, 2],
			"to": [8.5, 2.4, 7],
			"rotation": {"angle": -22.5, "axis": "y", "origin": [8, 2, 8]},
			"faces": {
				"north": {"uv": [8, 5, 13, 6], "texture": "#0"},
				"east": {"uv": [8, 5, 13, 6], "texture": "#0"},
				"south": {"uv": [8, 5, 13, 6], "texture": "#0"},
				"west": {"uv": [8, 5, 13, 6], "texture": "#0"},
				"up": {"uv": [8, 5, 13, 6], "rotation": 270, "texture": "#0"},
				"down": {"uv": [8, 5, 13, 6], "rotation": 90, "texture": "#0"}
			}
		},
		{
			"from": [2, 1.5, 7.5],
			"to": [7, 2.4, 8.5],
			"rotation": {"angle": -22.5, "axis": "y", "origin": [8, 2, 8]},
			"faces": {
				"north": {"uv": [8, 5, 13, 6], "texture": "#0"},
				"east": {"uv": [8, 5, 13, 6], "texture": "#0"},
				"south": {"uv": [8, 5, 13, 6], "texture": "#0"},
				"west": {"uv": [8, 5, 13, 6], "texture": "#0"},
				"up": {"uv": [8, 5, 13, 6], "rotation": 180, "texture": "#0"},
				"down": {"uv": [8, 5, 13, 6], "rotation": 180, "texture": "#0"}
			}
		},
		{
			"from": [3.4, 9.8, 3.1],
			"to": [12.9, 10.3, 12.9],
			"faces": {
				"north": {"uv": [0, 0, 9.5, 0.5], "texture": "#0"},
				"east": {"uv": [0, 0, 9.8, 0.5], "texture": "#0"},
				"south": {"uv": [0, 0, 9.5, 0.5], "texture": "#0"},
				"west": {"uv": [0, 0, 9.8, 0.5], "texture": "#0"},
				"up": {"uv": [3, 4, 13, 14], "texture": "#2"},
				"down": {"uv": [0, 0, 9.5, 9.8], "texture": "#0"}
			}
		}
	],
	"groups": [0, 1, 2, 3, 4, 5, 6, 7, 8, 9, 10, 11, 12, 13, 14, 15, 16, 17,
		{
			"name": "press",
			"origin": [0, 0, 0],
			"children": [18, 19, 20, 21]
		},
		{
			"name": "waterwheel",
			"origin": [8, 2, 8],
			"children": [
				{
					"name": "topblades",
					"origin": [8, 2, 8],
					"children": [22, 23, 24, 25, 26, 27, 28, 29]
				},
				{
					"name": "bottomblades",
					"origin": [8, 8, 8],
					"children": [30, 31, 32, 33, 34, 35, 36, 37, 38]
				}
			]
		}, 39]
}