{
  "display": {
    "icon": {
      "item": "springnions:golden_onion"
    },
    "title": "Not A Twilight Reference",
    "description": "Obtain the fabled: Golden Onion",
    "frame": "challenge",
    "announce_to_chat": true,
    "hidden": true
  },
  "parent": "springnions:onion_planter",
  "criteria": {
    "requirement": {
      "trigger": "minecraft:inventory_changed",
      "conditions": {
        "items": [
          {
            "items": [
              "springnions:golden_onion"
            ]
          }
        ]
      }
    }
  },
  "rewards": {
		"recipes": [
			"springnions:tofu_press3",
			"springnions:hydrochip3"
		]
	}
}
